Number_combined,Number,County,Survey_route,Point_Code,Point,Point_Code_2,Use,Number_veg_2,Number_veg,Site,County,Radius,Point,Name,Date,Observer,WireL,wire_ht_250,wire_ht_2_250,WireH,NatPerch,wood_ht_250,wood_ht_2_250,NatPerchH,tall_wood_250,AnthroPerch,AnthroPerchH,tall_nonnat_250,Ditches,ditch depth 1 (m),ditch width 1 (m),ditch depth 2 (m),ditch width 2 (m),ditch depth 3 (m),ditch width 3 (m),ditch depth 4 (m),ditch width 4 (m),DitchD,DitchW,ROW grass width 1 (m),ROW grass ht 1 (m),ROW grass width 2 (m),ROW grass ht 2 (m),GrassW,GrassH
4,5,C,2,C2,A,C2-A,1,6,16,2,C,250,A,C2A,4/11/2018,Rhett,1000,10,0,10,52,12,0,12,13,30,2,5,3,0.5,2,0.8,2.5,2,12,0,0,1.1,5.5,1,0.2,2,0.01,1.5,0.105
9,11,C,3,C3,C,C3-C,1,15,30,3,C,250,C,C3C,4/11/2018,Rhett,500,10,0,10,101,11,0,11,12,2,1,1,2,3,11,3,17,0,0,0,0,3,14,3,0.1,0,0,1.5,0.05
11,14,C,4,C4,B,C4-B,1,18,38,4,C,250,B,C4B,4/11/2018,Rhett,770,10,0,10,0,0,0,0,0,6,1,1.5,2,0.6,2,0.5,2.5,0,0,0,0,0.55,2.25,0,0,0,0,0,0
19,25,C,7,C7,A,C7-A,1,31,66,7,C,250,A,C7A,4/19/2018,Rhett,750,9,0,9,101,13,0,13,15,6,1.5,2,3,0.3,4,0.5,2.5,1,3,0,0,0.6,3.166666667,2,0.01,1,0.01,1.5,0.01
20,26,C,7,C7,B,C7-B,1,33,68,7,C,250,B,C7B,4/19/2018,Rhett,500,9,0,9,4,14,0,14,15,45,1,4,1,5,11,0,0,0,0,0,0,5,11,3,0.1,0,0,3,0.1
21,27,C,7,C7,C,C7-C,1,35,70,7,C,250,C,C7C,4/19/2018,Rhett,500,9,0,9,0,0,0,0,0,2,1,1.5,1,0.1,2.5,0,0,0,0,0,0,0.1,2.5,0,0,0,0,0,0
25,33,C,9,C9,A,C9-A,1,41,86,9,C,250,A,C9A,4/19/2018,Rhett,1000,10,0,10,13,7,0,7,9,27,1.5,4,2,0.1,1,0.2,2,0,0,0,0,0.15,1.5,2,0.05,0,0,1,0.025
27,35,C,9,C9,C,C9-C,1,45,90,9,C,250,C,C9C,4/19/2018,Rhett,1000,12,0,12,8,10,0,10,11,1,2,2,3,1.2,3.5,1,3,4,10,0,0,2.066666667,5.5,1,0.2,2,0.05,1.5,0.125
28,37,C,10,C10,A,C10-A,1,46,96,10,C,250,A,C10A,4/4/2018,Rhett,0,0,0,0,3,2,0,2,2,0,0,0,2,1,3,1,3.5,0,0,0,0,1,3.25,2,0.1,2,0.2,2,0.15
32,42,C,11,C11,B,C11-B,1,53,108,11,C,250,B,C11B,3/10/2018,Em/Worm,520,8,10,9,0,0,0,0,0,8,1.5,2.7,1,0.9,3.5,0,0,0,0,0,0,0.9,3.5,3.8,0.2,3.3,0.05,3.55,0.125
33,43,C,11,C11,C,C11-C,1,55,110,11,C,250,C,C11C,3/10/2018,Em/Worm,780,8,10,9,85,10,0,10,22,8,3.6,7,2,0.8,2.2,0.3,3.5,0,0,0,0,0.55,2.85,4.3,0.55,1.2,0.5,2.75,0.525
34,45,C,12,C12,A,C12-A,1,56,116,12,C,250,A,C12A,4/4/2018,Rhett,750,10,0,10,101,13,0,13,14,50,1,6,2,0.2,1,0.5,1,0,0,0,0,0.35,1,2,0.1,0,0,1,0.05
35,46,C,12,C12,B,C12-B,1,58,118,12,C,250,B,C12B,4/4/2018,Rhett,500,10,0,10,50,12,0,12,12,2,1.5,2,2,1,3,0.7,3.5,0,0,0,0,0.85,3.25,1,0.1,0,0,0.5,0.05
46,61,C,16,C16,A,C16-A,1,76,156,16,C,250,A,C16A,3/13/2018,Rhett,640,10,0,10,15,3,0,3,5,101,1,9,2,1.5,4.5,1,5,0,0,0,0,1.25,4.75,2.5,0.1,2.5,0.1,2.5,0.1
49,65,C,17,C17,A,C17-A,1,81,166,17,C,250,A,C17A,3/13/2018,Rhett,1000,10,0,10,14,10,0,10,15,21,1.5,5,3,0.5,1.5,1,3,1,3,0,0,0.833333333,2.5,2,0.2,5,0.1,3.5,0.15
59,78,C,20,C20,B,C20-B,1,98,198,20,C,250,B,C20B,4/27/2018,Rhett,500,10,0,10,101,13,0,13,14,4,1,1,2,1,5,0.5,3,0,0,0,0,0.75,4,2,0.05,0,0,1,0.025
61,81,C,21,C21,A,C21-A,1,101,206,21,C,250,A,C21A,X,X,0,0,0,0,0,0,0,0,0,0,0,0,0,0,0,0,0,0,0,0,0,0,0,0,0,0,0,0,0
65,86,C,22,C22,B,C22-B,1,108,218,22,C,250,B,C22B,4/27/2018,Rhett,780,10,0,10,0,0,0,0,0,4,1,1.2,5,2.5,10,1.5,6,1.5,5,1.5,11,1.75,8,4,0.1,2,0.05,3,0.075
69,91,C,23,C23,C,C23-C,1,115,230,23,C,250,C,C23C,4/28/2018,Rhett,1000,10,9,9.5,2,3,0,3,3,3,1,1,3,3,9,2.5,8,2,7,0,0,2.5,8,2,0.05,2,0.05,2,0.05
74,98,C,25,C25,B,C25-B,1,123,248,25,C,250,B,C25B,4/28/2018,Rhett,750,10,0,10,45,10,0,10,13,101,1,9,4,0.1,1,1,3,1.1,2.5,1,3,0.8,2.375,1,0.05,2,0.05,1.5,0.05
75,99,C,25,C25,C,C25-C,1,125,250,25,C,250,C,C25C,4/28/2018,Rhett,750,10,0,10,101,10,0,10,10,10,2.5,5,4,0.6,3,0.2,2,0.1,1,0.2,1,0.275,1.75,2,0.1,2,0.05,2,0.075
77,102,C,26,C26,B,C26-B,1,128,258,26,C,250,B,C26B,4/28/2018,Rhett,270,10,0,10,6,5,0,5,14,2,1,1,1,1,5,0,0,0,0,0,0,1,5,8,0.2,0,0,8,0.2
80,106,C,27,C27,B,C27-B,1,133,268,27,C,250,B,C27B,4/28/2018,Rhett,250,10,0,10,8,10,0,10,12,16,1.5,5,2,1,5,0.7,2,0,0,0,0,0.85,3.5,2,0.1,0,0,1,0.05
81,107,C,27,C27,C,C27-C,1,135,270,27,C,250,C,C27C,4/28/2018,Rhett,750,10,0,10,0,0,0,0,0,11,2.5,2.5,5,0.4,2,0.3,1.5,1,3,0.5,4,0.55,2.625,2,0.1,4,0.01,3,0.055
115,153,C,39,C39,A,C39-A,1,191,386,39,C,250,A,C39A,4/5/2018,Rhett,1050,10,0,10,101,10,0,10,14,16,2,5,4,1.5,6,0.5,6,1,4,1,3,1,4.75,4,0.01,2,0.1,3,0.055
116,154,C,39,C39,B,C39-B,1,193,388,39,C,250,B,C39B,4/5/2018,Rhett,1000,10,15,12.5,20,4,0,4,4,0,0,0,3,3,10,1,3,0.3,1.5,0,0,1.433333333,4.833333333,4,0.1,1,0.1,2.5,0.1
124,165,P,2,P2,A,P2-A,1,206,16,2,P,250,A,P2A,4/8/2018,Em/Worm,500,6,8,7,101,5.5,0,5.5,8,0,0,0,0,0,0,0,0,0,0,0,0,0,0,1.2,0.2,0,0,1.2,0.2
134,178,P,5,P5,B,P5-B,1,223,48,5,P,250,B,P5B,4/8/2018,Em/Worm,850,7,9,8,101,8,0,8,16,67,3.5,7,5,0.8,2.65,0.6,1.5,0.5,1.7,0.3,1.9,0.55,1.9375,2.6,0.45,2.6,0.4,2.6,0.425
148,197,P,10,P10,A,P10-A,1,246,96,10,P,250,A,P10A,3/12/2018,Rhett,750,10,0,10,101,15,0,15,25,37,1.5,7,4,1,5,1,4,6.5,7.5,6.5,7.5,3.75,6,1,0.1,2,0.25,1.5,0.175
150,199,P,10,P10,C,P10-C,1,250,100,10,P,250,C,P10C,3/12/2018,Rhett,0,0,0,0,20,10,0,10,20,30,1,2.5,0,0,0,0,0,0,0,0,0,0,0,0,0,0,0,0,0
156,207,P,12,P12,C,P12-C,1,260,120,12,P,250,C,P12C,X,X,0,0,0,0,0,0,0,0,0,0,0,0,0,0,0,0,0,0,0,0,0,0,0,0,0,0,0,0,0
176,234,P,19,P19,B,P19-B,1,293,188,19,P,250,B,P19B,3/14/2018,Rhett,800,10,0,10,49,10,0,10,16,64,9,25,2,1.5,4,1.8,3.5,0,0,0,0,1.65,3.75,2.5,0.2,6,1,4.25,0.6
178,237,P,20,P20,A,P20-A,1,296,196,20,P,250,A,P20A,3/14/2018,Rhett,600,10,0,10,0,0,0,0,0,1,5.5,5.5,2,0.2,1,0.8,3.5,0,0,0,0,0.5,2.25,4,0.2,4,0.2,4,0.2
190,253,P,24,P24,A,P24-A,1,316,236,24,P,250,A,P24A,3/14/2018,Rhett,1000,10,0,10,2,4,0,4,4,2,1,1,4,0.5,2.5,0.5,2.5,1,2,1,2,0.75,2.25,2,0.2,2,0.1,2,0.15
193,257,P,25,P25,A,P25-A,1,321,246,25,P,250,A,P25A,3/27/2018,Em Donahue,600,8,10,9,101,16,0,16,19,27,8,35,4,1.4,7.8,1,6.8,1.2,7.8,0.2,0.8,0.95,5.8,8.9,0.35,7.2,0.27,8.05,0.31
194,258,P,25,P25,B,P25-B,1,323,248,25,P,250,B,P25B,3/27/2018,Em Donahue,0,0,0,0,3,1,0,1,1.2,0,0,0,2,1.4,7.8,1,6.7,0,0,0,0,1.2,7.25,8.9,0.25,7.2,0.27,8.05,0.26
199,265,P,27,P27,A,P27-A,1,331,266,27,P,250,A,P27A,3/17/2018,Em Donahue,980,7,10,8.5,101,14,0,14,20,10,1.3,3.5,4,1,2.8,0.5,1.8,0.4,4.7,1.2,6.9,0.775,4.05,5.2,0.35,4.5,0.5,4.85,0.425
200,266,P,27,P27,B,P27-B,1,333,268,27,P,250,B,P27B,3/17/2018,Em Donahue,510,9,0,9,0,0,0,0,0,0,0,0,2,0.9,3.5,1.2,3.6,0,0,0,0,1.05,3.55,2.3,1,5.2,0.9,3.75,0.95
202,269,P,28,P28,A,P28-A,1,336,276,28,P,250,A,P28A,3/26/2018,Em Donahue,760,7,8,7.5,101,14,0,14,22,26,2.5,6,2,0.4,3.7,0,0,0,0,0,0,0.4,3.7,1.6,0.5,1.1,0.15,1.35,0.325
204,271,P,28,P28,C,P28-C,1,340,280,28,P,250,C,P28C,3/26/2018,Em Donahue,740,8,10,9,11,1.7,0,1.7,15,10,1.6,2.8,4,1.3,4.5,0.5,3.2,0.2,0.4,0.3,0.8,0.575,2.225,5.2,0.27,4.4,0.2,4.8,0.235
206,274,P,29,P29,B,P29-B,1,343,288,29,P,250,B,P29B,4/10/2018,Rhett,750,10,12,11,25,12,0,12,13,101,3,10,3,0.5,2,0.5,2.5,1,3.5,0,0,0.666666667,2.666666667,1,0.1,4,0.01,2.5,0.055
212,282,P,31,P31,B,P31-B,1,353,308,31,P,250,B,P31B,3/22/2018,Em Donahue,750,7,9,8,26,2.2,0,2.2,5,1,0.6,0.6,3,1.5,3.3,1.3,2.5,1.8,8.2,0,0,1.533333333,4.666666667,5.4,0.35,3.3,0.2,4.35,0.275
213,283,P,31,P31,C,P31-C,1,355,310,31,P,250,C,P31C,3/22/2018,Em Donahue,500,7,9,8,6,0.8,0,0.8,2.2,2,0.6,0.8,2,0.8,3.3,1,2.5,0,0,0,0,0.9,2.9,3.8,0.1,5.2,0.45,4.5,0.275
214,285,P,32,P32,A,P32-A,1,356,316,32,P,250,A,P32A,4/10/2018,Rhett,1000,10,0,10,73,11,0,11,13,50,2,9,4,0.5,2,0.4,2.5,0.3,1,1,5,0.55,2.625,1,0.1,3,0.1,2,0.1
215,286,P,32,P32,B,P32-B,1,358,318,32,P,250,B,P32B,4/10/2018,Rhett,750,10,0,10,7,4,0,4,4,3,1,1.5,3,1,4.5,0.6,1.5,0.3,3,0,0,0.633333333,3,1,0.2,2,0.01,1.5,0.105
217,289,P,33,P33,A,P33-A,1,361,326,33,P,250,A,P33A,3/30/2018,Em Donahue,520,7,8,7.5,4,1.1,0,1.1,1.7,4,1.6,3.4,1,1.6,7.2,0,0,0,0,0,0,1.6,7.2,5.4,0.08,3.8,0.08,4.6,0.08
221,294,P,34,P34,B,P34-B,1,368,338,34,P,250,B,P34B,4/10/2018,Rhett,550,10,0,10,101,10,0,10,12,8,1,1.5,3,4,12,1,5,0.8,5,0,0,1.933333333,7.333333333,2,0.4,2,0.6,2,0.5
223,297,P,35,P35,A,P35-A,1,371,346,35,P,250,A,P35A,X,X,0,0,0,0,0,0,0,0,0,0,0,0,0,0,0,0,0,0,0,0,0,0,0,0,0,0,0,0,0
226,301,P,36,P36,A,P36-A,1,376,356,36,P,250,A,P36A,4/10/2018,Rhett,600,10,0,10,101,10,0,10,14,20,2.5,9,3,0.7,3,1.5,5,1,4,0,0,1.066666667,4,1,0.1,1,0.05,1,0.075
228,303,P,36,P36,C,P36-C,1,380,360,36,P,250,C,P36C,4/10/2018,Rhett,500,10,0,10,66,9,0,9,10,7,0.5,1,2,0.5,2,0.2,1,0,0,0,0,0.35,1.5,2,0.1,2,0.2,2,0.15
229,305,P,37,P37,A,P37-A,1,381,366,37,P,250,A,P37A,4/10/2018,Rhett,500,10,0,10,23,6,0,6,7,0,0,0,1,0,0,0,0,0,0,0,0,0,0,0,0,0,0,0,0
231,307,P,37,P37,C,P37-C,1,385,370,37,P,250,C,P37C,4/10/2018,Rhett,250,10,0,10,101,10,0,10,12,101,9,10,2,0.5,2,1,6,0,0,0,0,0.75,4,6,0.1,0,0,3,0.05
242,322,R,1,R1,B,R1-B,1,403,8,1,R,250,B,R1B,3/29/2017,MDC,650,10,9,9.5,21,1.8,0,1.8,2.5,0,0,0,1,1,4.5,0,0,0,0,0,0,1,4.5,11,0.4,0,0,11,0.4
243,323,R,1,R1,C,R1-C,1,405,10,1,R,250,C,R1C,3/29/2017,MDC,750,9,10,9.5,33,3,0,3,9,3,1.5,2,1,1.5,4.5,0,0,0,0,0,0,1.5,4.5,9,0.3,0,0,9,0.3
251,334,R,4,R4,B,R4-B,1,418,38,4,R,250,B,R4B,4/16/2017,Mac ,660,9,10,9.5,51,15,0,15,23,103,1.5,8,0,0,0,0,0,0,0,0,0,0,0,2,0.25,0,0,2,0.25
253,337,R,5,R5,A,R5-A,1,421,46,5,R,250,A,R5A,4/16/2017,Mac ,750,11,0,11,10,5,0,5,16,28,1,6,1,0.75,3.5,0,0,0,0,0,0,0.75,3.5,3,0.1,0,0,3,0.1
260,346,R,7,R7,B,R7-B,1,433,68,7,R,250,B,R7B,4/16/2017,Mac,500,8,9,8.5,51,6,11,8.5,21,16,2.5,3,2,3,10,2.25,4,0,0,0,0,2.625,7,2,0.1,2,0.2,2,0.15
261,347,R,7,R7,C,R7-C,1,435,70,7,R,250,C,R7C,4/16/2017,Mac,0,0,0,0,2,19,0,19,21,0,0,0,1,0.75,2.5,0,0,0,0,0,0,0.75,2.5,3,0.2,0,0,3,0.2
263,350,R,8,R8,B,R8-B,1,438,78,8,R,250,B,R8B,4/16/2017,Mac,750,9,10,9.5,51,15,0,15,19,118,1.5,8,0,0,0,0,0,0,0,0,0,0,0,2,0.1,0,0,2,0.1
265,353,R,9,R9,A,R9-A,1,441,86,9,R,250,A,R9A,4/16/2017,Mac,900,9,10,9.5,0,0,0,0,0,9,2.5,9,2,0.75,2.75,0.5,1.5,0,0,0,0,0.625,2.125,3,0.1,4,0.1,3.5,0.1
266,354,R,9,R9,B,R9-B,1,443,88,9,R,250,B,R9B,4/16/2017,Mac,0,0,0,0,51,12,0,12,18,1,3,3,1,2,11,0,0,0,0,0,0,2,11,1.5,0.1,0,0,1.5,0.1
275,366,R,12,R12,B,R12-B,1,458,118,12,R,250,B,R12B,3/29/2017,MDC,500,9,0,9,13,3.5,0,3.5,8,0,0,0,2,0.3,1.5,0.3,1.5,0,0,0,0,0.3,1.5,3,0.4,2,0.3,2.5,0.35
282,375,R,14,R14,C,R14-C,1,470,140,14,R,250,C,R14C,4/28/2017,Rejina,600,8,9,8.5,33,7,0,7,12,28,2,5,2,0.25,1,0.25,1.5,0,0,0,0,0.25,1.25,0,0,0,0,0,0
287,382,R,16,R16,B,R16-B,1,478,158,16,R,250,B,R16B,4/28/2017,Rejina,350,9,10,9.5,45,2,0,2,3,8,1,1,1,8,11,0,0,0,0,0,0,8,11,0.5,0.075,0,0,0.5,0.075
292,389,R,18,R18,A,R18-A,1,486,176,18,R,250,A,R18A,3/29/2017,MDC,900,9,8,8.5,72,2.5,18,10.25,25,6,1.5,1.5,1,0.2,0.6,0,0,0,0,0,0,0.2,0.6,4,0.2,7,0.1,5.5,0.15
295,393,R,19,R19,A,R19-A,1,491,186,19,R,250,A,R19A,4/27/2017,Rejina,300,9,0,9,0,0,0,0,0,0,0,0,1,1.5,5,0,0,0,0,0,0,1.5,5,1,0.07,0,0,1,0.07
297,395,R,19,R19,C,R19-C,1,495,190,19,R,250,C,R19C,4/27/2017,Rejina,400,8,9,8.5,101,11,0,11,14,5,1.5,1.5,5,1,3.5,0.5,3,0.5,2,0,0,0.666666667,2.833333333,2.5,0.025,0,0,2.5,0.025
298,397,R,20,R20,A,R20-A,1,496,196,20,R,250,A,R20A,4/28/2017,Rejina,600,9,0,9,101,11,0,11,13,11,3,5,0,0,0,0,0,0,0,0,0,0,0,1.5,0.5,0,0,1.5,0.5
299,398,R,20,R20,B,R20-B,1,498,198,20,R,250,B,R20B,4/28/2017,Rejina,250,9,0,9,101,10,0,10,13,10,5,7,2,1,1.5,0.25,0.25,0,0,0,0,0.625,0.875,2.5,0.5,0,0,2.5,0.5
307,409,R,23,R23,A,R23-A,1,511,226,23,R,250,A,R23A,4/5/2017,MDC,1000,10,9,9.5,101,12,0,12,15,18,1.5,5,2,1.6,5,1.6,4,0,0,0,0,1.6,4.5,5,0.6,0,0,5,0.6
315,419,R,25,R25,C,R25-C,1,525,250,25,R,250,C,R25C,4/20/2017,Rejina,300,10,0,10,101,8,0,8,13,17,3,7,1,0.5,2.5,0,0,0,0,0,0,0.5,2.5,5,0.35,0,0,5,0.35
317,422,R,26,R26,B,R26-B,1,528,258,26,R,250,B,R26B,4/2/2017,Claire,500,9,10,9.5,50,6,0,6,17,0,0,0,1,1,2,0,0,0,0,0,0,1,2,1,0.5,0,0,1,0.5
323,430,R,28,R28,B,R28-B,1,538,278,28,R,250,B,R28B,4/15/2017,Claire,500,8,9,8.5,2,20,0,20,22,8,1.5,2,2,1.5,2.5,0.5,2,0,0,0,0,1,2.25,1.5,0.25,0,0,1.5,0.25
335,446,R,32,R32,B,R32-B,1,558,318,32,R,250,B,R32B,,Claire,600,9,10,9.5,101,4.5,0,4.5,12,0,0,0,2,0.75,2,1,2,0,0,0,0,0.875,2,2,0.5,0,0,2,0.5
343,457,R,35,R35,A,R35-A,1,571,346,35,R,250,A,R35A,5/23/2018,MDC BDC,750,9,10,9.5,0,0,0,0,0,3,2,2,2,1.5,4,1.5,4,0,0,0,0,1.5,4,7,0.1,9,0,8,0.05
354,471,R,38,R38,C,R38-C,1,590,380,38,R,250,C,R38C,5/23/2018,MDC BDC,500,9,10,9.5,28,7,0,7,8,9,4,5,0,0,0,0,0,0,0,0,0,0,0,1,0.2,5,0.15,3,0.175
360,479,R,40,R40,C,R40-C,1,600,400,40,R,250,C,R40C,5/23/2018,MDC BDC,790,8,9,8.5,27,6,0,6,22,21,6,8,0,0,0,0,0,0,0,0,0,0,0,4,0.3,5,0.5,4.5,0.4
1,1,C,1,C1,A,C1-A,0,1,6,1,C,250,A,C1A,4/11/2018,Rhett,750,10,0,10,49,5,0,5,11,101,2,5,3,0.2,1,0.3,1,0.4,2.5,0,0,0.3,1.5,0.5,0.01,0,0,0.25,0.005
2,2,C,1,C1,B,C1-B,0,3,8,1,C,250,B,C1B,4/11/2018,Rhett,500,10,0,10,0,0,0,0,0,2,2,2,2,0.2,1.5,0.4,2,0,0,0,0,0.3,1.75,0.25,0.05,0.5,0.05,0.375,0.05
3,3,C,1,C1,C,C1-C,0,5,10,1,C,250,C,C1C,4/11/2018,Rhett,0,0,0,0,101,10,0,10,12,0,0,0,0,0,0,0,0,0,0,0,0,0,0,0,0,0,0,0,0
5,6,C,2,C2,B,C2-B,0,8,18,2,C,250,B,C2B,4/11/2018,Rhett,500,10,0,10,0,0,0,0,0,4,1.5,2,2,0.5,1.5,0.5,1.5,0,0,0,0,0.5,1.5,1,0.1,0.25,0.01,0.625,0.055
6,7,C,2,C2,C,C2-C,0,10,20,2,C,250,C,C2C,4/11/2018,Rhett,520,10,0,10,29,12,0,12,13,32,1,4,0,0,0,0,0,0,0,0,0,0,0,0,0,0,0,0,0
7,9,C,3,C3,A,C3-A,0,11,26,3,C,250,A,C3A,4/11/2018,Rhett,500,10,0,10,17,10,0,10,11,9,1.5,4,3,3,8,4,15,0.5,4,0,0,2.5,9,1,0.1,2,0.05,1.5,0.075
8,10,C,3,C3,B,C3-B,0,13,28,3,C,250,B,C3B,4/11/2018,Rhett,250,10,0,10,36,11,0,11,12,70,1,4,2,0.4,2.5,0.1,0.5,0,0,0,0,0.25,1.5,1,0.1,0,0,0.5,0.05
10,13,C,4,C4,A,C4-A,0,16,36,4,C,250,A,C4A,4/11/2018,Rhett,1000,10,12,11,101,13,0,13,15,101,1,4,4,0.1,3,0.5,3,0.5,3,0.3,3,0.35,3,3,0.05,1,0.1,2,0.075
12,15,C,4,C4,C,C4-C,0,20,40,4,C,250,C,C4C,4/11/2018,Rhett,750,10,0,10,101,9,0,9,10,3,1.5,2,4,1,5,0.5,2,2,5.5,0.5,2.5,1,3.75,2,0.2,0,0,1,0.1
13,17,C,5,C5,A,C5-A,0,21,46,5,C,250,A,C5A,4/4/2018,Rhett,1000,10,7,8.5,39,10,0,10,13,20,2,5,4,0.2,1,0.1,2,0.5,2.5,1,2.5,0.45,2,0.25,0.01,4,0.05,2.125,0.03
14,18,C,5,C5,B,C5-B,0,23,48,5,C,250,B,C5B,4/4/2018,Rhett,600,7,10,8.5,57,12,0,12,13,6,5,5,1,0.5,1.5,0,0,0,0,0,0,0.5,1.5,0,0,0,0,0,0
15,19,C,5,C5,C,C5-C,0,25,50,5,C,250,C,C5C,4/4/2018,Rhett,750,10,0,10,5,5,0,5,9,4,2.5,3,5,0.5,1.5,0.5,2,5,15,0.1,1,1.525,4.875,2,0.1,0,0,1,0.05
16,21,C,6,C6,A,C6-A,0,26,56,6,C,250,A,C6A,4/19/2018,Rhett,600,10,0,10,65,12,0,12,15,101,1,4,2,0.5,3,0.75,2.5,0,0,0,0,0.625,2.75,1,0.2,1,0.2,1,0.2
17,22,C,6,C6,B,C6-B,0,28,58,6,C,250,B,C6B,4/19/2018,Rhett,1000,10,0,10,30,4,0,4,11,63,2,3,4,0.5,3,0.2,2.5,0.3,3,0.5,3,0.375,2.875,2,0.2,0.25,0.05,1.125,0.125
18,23,C,6,C6,C,C6-C,0,30,60,6,C,250,C,C6C,4/19/2018,Rhett,200,15,0,15,101,8,0,8,9,5,1.5,2,1,5,25,0,0,0,0,0,0,5,25,0,0,0,0,0,0
22,29,C,8,C8,A,C8-A,0,36,76,8,C,250,A,C8A,4/19/2018,Rhett,500,9,0,9,101,13,0,13,15,101,1.5,2,2,1,3,1,2.5,0,0,0,0,1,2.75,1,0.2,1,0.1,1,0.15
23,30,C,8,C8,B,C8-B,0,38,78,8,C,250,B,C8B,4/19/2018,Rhett,0,0,0,0,19,13,0,13,15,51,1,1,1,6,13,0,0,0,0,0,0,6,13,4,0.3,0,0,4,0.3
24,31,C,8,C8,C,C8-C,0,40,80,8,C,250,C,C8C,4/19/2018,Rhett,500,10,0,10,16,15,0,15,16,12,1.5,4,3,0.4,2,0.3,2,6,13,0,0,2.233333333,5.666666667,3,0.05,4,0.01,3.5,0.03
26,34,C,9,C9,B,C9-B,0,43,88,9,C,250,B,C9B,4/19/2018,Rhett,750,10,12,11,101,10,0,10,15,101,2,4,2,4,10,1.5,3.5,0,0,0,0,2.75,6.75,2,0.2,1,0.1,1.5,0.15
29,38,C,10,C10,B,C10-B,0,48,98,10,C,250,B,C10B,4/4/2018,Rhett,0,0,0,0,0,0,0,0,0,101,3,5,4,0.5,2,0.1,1.5,0.3,2,0.4,1,0.325,1.625,1,0.3,1,0.1,1,0.2
30,39,C,10,C10,C,C10-C,0,50,100,10,C,250,C,C10C,4/4/2018,Rhett,1500,10,12,11,20,10,0,10,12,101,5,12,3,0.2,1,0.7,2,0.5,1.5,0,0,0.466666667,1.5,2,0.1,2,0.1,2,0.1
31,41,C,11,C11,A,C11-A,0,51,106,11,C,250,A,C11A,3/10/2018,Em/Worm,,8,14,11,62,6,0,6,14,18,2.4,20,4,0.8,3.5,1,4.5,1,4,0.4,2,0.8,3.5,4.5,0.5,4.5,0.15,4.5,0.325
36,47,C,12,C12,C,C12-C,0,60,120,12,C,250,C,C12C,4/4/2018,Rhett,250,10,0,10,49,10,0,10,12,7,1,4,3,0.3,2.5,2,12,0.5,2.5,0,0,0.933333333,5.666666667,0,0,0,0,0,0
37,49,C,13,C13,A,C13-A,0,61,126,13,C,250,A,C13A,4/4/2018,Rhett,1000,10,0,10,101,10,0,10,15,101,1,5,2,0.5,3,0.5,1,0,0,0,0,0.5,2,2,0.1,1,0.1,1.5,0.1
38,50,C,13,C13,B,C13-B,0,63,128,13,C,250,B,C13B,4/4/2018,Rhett,500,10,0,10,0,0,0,0,0,3,2,2,5,0.7,2,0.5,3.5,0.5,2.5,1.5,10,0.8,4.5,0.5,0.01,0,0,0.25,0.005
39,51,C,13,C13,C,C13-C,0,65,130,13,C,250,C,C13C,4/4/2018,Rhett,500,10,0,10,101,12,0,12,13,5,1.5,6,2,0.5,3,1,3.5,0,0,0,0,0.75,3.25,1,0,0,0,0.5,0
40,53,C,14,C14,A,C14-A,0,66,136,14,C,250,A,C14A,4/19/2018,Rhett,250,9,0,9,101,10,0,10,15,101,2,8,2,0.5,2,1.5,5,0,0,0,0,1,3.5,1.5,0.1,1,0.05,1.25,0.075
41,54,C,14,C14,B,C14-B,0,68,138,14,C,250,B,C14B,4/19/2018,Rhett,500,9,0,9,0,0,0,0,0,0,0,0,3,0.7,4,4,10,0.2,1.5,0,0,1.633333333,5.166666667,1,0.2,2,0.2,1.5,0.2
42,55,C,14,C14,C,C14-C,0,70,140,14,C,250,C,C14C,4/19/2018,Rhett,750,9,0,9,101,12,0,12,15,30,2,4,3,7,15,1,2.5,1,2,0,0,3,6.5,1,0.01,0,0,0.5,0.005
43,57,C,15,C15,A,C15-A,0,71,146,15,C,250,A,C15A,4/19/2018,Rhett,750,9,10,9.5,63,15,0,15,17,12,2,5,2,0.5,3,1,2.5,0,0,0,0,0.75,2.75,1,0.01,1,0.05,1,0.03
44,58,C,15,C15,B,C15-B,0,73,148,15,C,250,B,C15B,4/19/2018,Rhett,500,9,0,9,0,0,0,0,0,0,0,0,3,2.5,10,1,3,0.5,3,0,0,1.333333333,5.333333333,3,0.1,0.25,0.1,1.625,0.1
45,59,C,15,C15,C,C15-C,0,75,150,15,C,250,C,C15C,4/19/2018,Rhett,270,9,0,9,4,4,0,4,5,3,2,2.5,1,1,3.5,0,0,0,0,0,0,1,3.5,0,0,0,0,0,0
47,62,C,16,C16,B,C16-B,0,78,158,16,C,250,B,C16B,3/13/2018,Rhett,500,10,0,10,25,5,0,5,8,3,1,1,2,1,1.5,15,7,0,0,0,0,8,4.25,2,0.25,4,4,3,2.125
48,63,C,16,C16,C,C16-C,0,80,160,16,C,250,C,C16C,3/13/2018,Rhett,1000,10,0,10,101,9,0,9,15,101,1,8,4,2.5,0.5,1,3,1,3,0.25,2.5,1.1875,2.25,2,0.1,4,0.1,3,0.1
50,66,C,17,C17,B,C17-B,0,83,168,17,C,250,B,C17B,3/13/2018,Rhett,1000,20,0,20,23,13,0,13,14,101,2,8,0,0,0,0,0,0,0,0,0,0,0,0,0,0,0,0,0
51,67,C,17,C17,C,C17-C,0,85,170,17,C,250,C,C17C,3/13/2018,Rhett,0,0,0,0,101,12,0,12,15,101,9,9,2,2.5,4,2.5,3.5,0,0,0,0,2.5,3.75,1,0.2,1,0.2,1,0.2
52,69,C,18,C18,A,C18-A,0,86,176,18,C,250,A,C18A,4/18/2018,Rhett,500,10,0,10,20,8,0,8,8,2,0.75,0.75,3,0.8,0.3,0.8,3,2.5,10,0,0,1.366666667,4.433333333,1,0.05,0.25,0.01,0.625,0.03
53,70,C,18,C18,B,C18-B,0,88,178,18,C,250,B,C18B,4/18/2018,Rhett,0,0,0,0,101,8,0,8,8,2,0.5,0.5,2,2.5,10,1,4,0,0,0,0,1.75,7,0,0,0,0,0,0
54,71,C,18,C18,C,C18-C,0,90,180,18,C,250,C,C18C,4/18/2018,Rhett,850,10,0,10,0,0,0,0,0,101,1.5,5,3,1,5,1,4,1,4,0,0,1,4.333333333,4,0.01,2,0.01,3,0.01
55,73,C,19,C19,A,C19-A,0,91,186,19,C,250,A,C19A,3/30/2018,Rhett,450,10,0,10,55,12,0,12,16,25,2,5,5,1.5,4,0.5,1,0.2,1,0.3,1,0.625,1.75,4,0.3,0.5,0.1,2.25,0.2
56,74,C,19,C19,B,C19-B,0,93,188,19,C,250,B,C19B,3/30/2018,Rhett,250,10,0,10,30,12,0,12,14,8,1.5,5,2,0.4,1.5,0.7,1.5,0,0,0,0,0.55,1.5,0.5,0,2,0.1,1.25,0.05
57,75,C,19,C19,C,C19-C,0,95,190,19,C,250,C,C19C,3/30/2018,Rhett,500,10,0,10,101,14,0,14,19,101,1.5,5,2,0.5,1.5,0.5,2,0,0,0,0,0.5,1.75,1,0.2,2,0.1,1.5,0.15
58,77,C,20,C20,A,C20-A,0,96,196,20,C,250,A,C20A,4/27/2018,Rhett,500,10,0,10,101,7,0,7,11,3,2,2.5,2,1,3,1,4,0,0,0,0,1,3.5,4,0.1,4,0.1,4,0.1
60,79,C,20,C20,C,C20-C,0,100,200,20,C,250,C,C20C,4/27/2018,Rhett,750,10,0,10,0,0,0,0,0,3,2,3,2,0.4,3,0.5,4,0,0,0,0,0.45,3.5,1,0.1,1.5,0.1,1.25,0.1
62,82,C,21,C21,B,C21-B,0,103,208,21,C,250,B,C21B,X,X,0,0,0,0,0,0,0,0,0,0,0,0,0,0,0,0,0,0,0,0,0,0,0,0,0,0,0,0,0
63,83,C,21,C21,C,C21-C,0,105,210,21,C,250,C,C21C,X,X,0,0,0,0,0,0,0,0,0,0,0,0,0,0,0,0,0,0,0,0,0,0,0,0,0,0,0,0,0
64,85,C,22,C22,A,C22-A,0,106,216,22,C,250,A,C22A,4/27/2018,Rhett,500,10,0,10,0,0,0,0,0,0,0,0,2,1,6,1,5,0,0,0,0,1,5.5,4,0.2,2,0.1,3,0.15
66,87,C,22,C22,C,C22-C,0,110,220,22,C,250,C,C22C,4/27/2018,Rhett,500,10,0,10,0,0,0,0,0,8,1.5,2,2,1.5,5,1.5,6,0,0,0,0,1.5,5.5,1,0.01,2,0.05,1.5,0.03
67,89,C,23,C23,A,C23-A,0,111,226,23,C,250,A,C23A,4/28/2018,Rhett,0,0,0,0,0,0,0,0,0,1,1,1,2,1.1,7,0.5,3,0,0,0,0,0.8,5,1,0.05,2,0.01,1.5,0.03
68,90,C,23,C23,B,C23-B,0,113,228,23,C,250,B,C23B,4/28/2018,Rhett,0,0,0,0,20,13,0,13,15,101,1,5,1,1,5,0,0,0,0,0,0,1,5,3,0.01,0,0,3,0.01
70,93,C,24,C24,A,C24-A,0,116,236,24,C,250,A,C24A,3/30/2018,Rhett,520,10,0,10,101,14,0,14,15,6,3.5,4,2,5,10,3,10,0,0,0,0,4,10,0,0,0,0,0,0
71,94,C,24,C24,B,C24-B,0,118,238,24,C,250,B,C24B,3/30/2018,Rhett,500,10,0,10,101,14,0,14,15,0,0,0,1,3,10,0,0,0,0,0,0,3,10,0,0,0,0,0,0
72,95,C,24,C24,C,C24-C,0,120,240,24,C,250,C,C24C,3/30/2018,Rhett,0,0,0,0,0,0,0,0,0,0,0,0,0,0,0,0,0,0,0,0,0,0,0,0,0,0,0,0,0
73,97,C,25,C25,A,C25-A,0,121,246,25,C,250,A,C25A,4/28/2018,Rhett,0,0,0,0,4,11,0,11,11,7,1,2,1,0.5,3,0,0,0,0,0,0,0.5,3,2,0.2,0,0,2,0.2
76,101,C,26,C26,A,C26-A,0,126,256,26,C,250,A,C26A,4/28/2018,Rhett,0,0,0,0,0,0,0,0,0,0,0,0,0,0,0,0,0,0,0,0,0,0,0,0,0,0,0,0,0
78,103,C,26,C26,C,C26-C,0,130,260,26,C,250,C,C26C,4/28/2018,Rhett,750,10,0,10,30,10,0,10,12,50,1,2.5,2,0.2,2.5,0.2,2.5,0,0,0,0,0.2,2.5,4,0.05,4,0.05,4,0.05
79,105,C,27,C27,A,C27-A,0,131,266,27,C,250,A,C27A,4/28/2018,Rhett,0,0,0,0,0,0,0,0,0,2,1.5,2.5,0,0,0,0,0,0,0,0,0,0,0,0,0,0,0,0,0
82,109,C,28,C28,A,C28-A,0,136,276,28,C,250,A,C28A,3/14/2018,Em Donahue,1000,6,7,6.5,101,6.2,0,6.2,16,4,0.8,2.3,4,1.1,4,0.7,3.3,1.1,2.4,0.6,5.2,0.875,3.725,7.2,0.15,2.4,0.7,4.8,0.425
83,110,C,28,C28,B,C28-B,0,138,278,28,C,250,B,C28B,3/14/2018,Em Donahue,500,6,7,6.5,70,6.5,0,6.5,8.4,0,0,0,3,1.1,4,0.7,3.3,0.4,5.4,0,0,0.733333333,4.233333333,7.2,0.15,7.4,0.15,7.3,0.15
84,111,C,28,C28,C,C28-C,0,140,280,28,C,250,C,C28C,3/14/2018,Em Donahue,500,6,7,6.5,26,1.4,0,1.4,2,0,0,0,2,0.5,4,0.3,1.6,0,0,0,0,0.4,2.8,5.1,0.3,6.3,0.1,5.7,0.2
85,113,C,29,C29,A,C29-A,0,141,286,29,C,250,A,C29A,4/27/2018,Rhett,0,0,0,0,4,1,0,1,1.5,2,1,1,3,1,5,2,5,0.5,5,0,0,1.166666667,5,2,0.05,4,0.1,3,0.075
86,114,C,29,C29,B,C29-B,0,143,288,29,C,250,B,C29B,4/27/2018,Rhett,500,10,0,10,0,0,0,0,0,1,1.1,1.1,1,0.5,2.5,0,0,0,0,0,0,0.5,2.5,1,0.01,0,0,1,0.01
87,115,C,29,C29,C,C29-C,0,145,290,29,C,250,C,C29C,4/27/2018,Rhett,750,10,0,10,101,10,0,10,14,20,2,4,3,0.2,1,1,3.5,1,3,0,0,0.733333333,2.5,4,0.05,4,0.05,4,0.05
88,117,C,30,C30,A,C30-A,0,146,296,30,C,250,A,C30A,4/5/2018,Rhett,200,10,0,10,101,11,0,11,14,8,1.5,1.5,2,8,20,4,12,0,0,0,0,6,16,4,0.1,8,0.2,6,0.15
89,118,C,30,C30,B,C30-B,0,148,298,30,C,250,B,C30B,4/5/2018,Rhett,0,0,0,0,101,12,0,12,16,6,1,10,1,8,20,0,0,0,0,0,0,8,20,4,0.1,0,0,4,0.1
90,119,C,30,C30,C,C30-C,0,150,300,30,C,250,C,C30C,4/5/2018,Rhett,0,0,0,0,5,6,0,6,11,5,1.5,1.5,3,1.5,6,1.5,6,1.2,3,0,0,1.4,5,6,0.1,2,0.2,4,0.15
91,121,C,31,C31,A,C31-A,0,151,306,31,C,250,A,C31A,4/5/2018,Rhett,500,9,0,9,101,10,0,10,11,0,0,0,2,0.5,1,0.5,1.5,0,0,0,0,0.5,1.25,1,0.05,0,0,0.5,0.025
92,122,C,31,C31,B,C31-B,0,153,308,31,C,250,B,C31B,4/5/2018,Rhett,0,0,0,0,0,0,0,0,0,2,2,2,0,0,0,0,0,0,0,0,0,0,0,0,0,0,0,0,0
93,123,C,31,C31,C,C31-C,0,155,310,31,C,250,C,C31C,4/5/2018,Rhett,750,9,0,9,24,10,0,10,11,9,2,4,2,0.5,2.5,0.4,1.5,0,0,0,0,0.45,2,1,0.1,2,0.1,1.5,0.1
94,125,C,32,C32,A,C32-A,0,156,316,32,C,250,A,C32A,4/5/2018,Rhett,0,0,0,0,101,10,0,10,10,6,2,2.5,3,0.3,1,0.4,1.5,0.3,1.5,0,0,0.333333333,1.333333333,1,0.2,1,0.1,1,0.15
95,126,C,32,C32,B,C32-B,0,158,318,32,C,250,B,C32B,4/5/2018,Rhett,500,9,0,9,39,5,0,5,15,4,1,2,3,1,3,5,12,2,6,0,0,2.666666667,7,1,0.1,6,0.1,3.5,0.1
96,127,C,32,C32,C,C32-C,0,160,320,32,C,250,C,C32C,4/5/2018,Rhett,0,0,0,0,34,4,0,4,4.5,3,0.5,0.5,2,0.3,1,1.2,3,0,0,0,0,0.75,2,1,0.3,0.25,0.1,0.625,0.2
97,129,C,33,C33,A,C33-A,0,161,326,33,C,250,A,C33A,4/5/2018,Rhett,0,0,0,0,101,18,0,18,21,40,1,1,0,0,0,0,0,0,0,0,0,0,0,0,0,0,0,0,0
98,130,C,33,C33,B,C33-B,0,163,328,33,C,250,B,C33B,4/5/2018,Rhett,0,0,0,0,101,14,0,14,17,101,1,2,3,0.5,1.5,1,2,3.5,10,0,0,1.666666667,4.5,0,0,0,0,0,0
99,131,C,33,C33,C,C33-C,0,165,330,33,C,250,C,C33C,4/5/2018,Rhett,1000,9,0,9,101,15,0,15,17,101,1,8,0,0,0,0,0,0,0,0,0,0,0,0,0,0,0,0,0
100,133,C,34,C34,A,C34-A,0,166,336,34,C,250,A,C34A,4/19/2018,Rhett,500,7,0,7,101,10,0,10,13,35,2,4,3,3,10,0.3,2,0.5,2,0,0,1.266666667,4.666666667,1,0.2,1,0.4,1,0.3
101,134,C,34,C34,B,C34-B,0,168,338,34,C,250,B,C34B,4/19/2018,Rhett,500,7,0,7,101,14,0,14,17,101,1.5,5,2,1,3.5,2,3.5,0,0,0,0,1.5,3.5,1,0.05,0,0,0.5,0.025
102,135,C,34,C34,C,C34-C,0,170,340,34,C,250,C,C34C,4/19/2018,Rhett,1000,10,0,10,101,15,0,15,18,101,1,6,1,0.1,3,0,0,0,0,0,0,0.1,3,1,0.05,0,0,1,0.05
103,137,C,35,C35,A,C35-A,0,171,346,35,C,250,A,C35A,4/5/2018,Rhett,270,10,0,10,101,15,0,15,19,101,1,11,1,0.3,2.5,0,0,0,0,0,0,0.3,2.5,2,0.1,0,0,2,0.1
104,138,C,35,C35,B,C35-B,0,173,348,35,C,250,B,C35B,4/5/2018,Rhett,1000,10,0,10,101,12,0,12,16,38,1,2,2,0.5,6,1,2,0,0,0,0,0.75,4,2,0.1,0,0,1,0.05
105,139,C,35,C35,C,C35-C,0,175,350,35,C,250,C,C35C,4/5/2018,Rhett,500,10,0,10,101,15,0,15,19,101,1,5,4,0.2,1,0.5,2,0.4,2,0.3,3,0.35,2,1,0.01,2,0.01,1.5,0.01
106,141,C,36,C36,A,C36-A,0,176,356,36,C,250,A,C36A,4/27/2018,Than/Em,1300,11,5,8,101,12,0,12,25,101,0.6,10,2,0.2,0.8,0.3,0.6,0,0,0,0,0.25,0.7,1.7,0.05,1.2,0.22,1.45,0.135
107,142,C,36,C36,B,C36-B,0,178,358,36,C,250,B,C36B,4/27/2018,Than/Em,310,8,20,14,20,17,0,17,24,10,6,8,2,0.2,1.3,0.8,2.5,0,0,0,0,0.5,1.9,9.6,0.12,6.6,0,8.1,0.06
108,143,C,36,C36,C,C36-C,0,180,360,36,C,250,C,C36C,4/27/2018,Than/Em,740,10,12,11,1,22,0,22,22,3,2.6,7,3,0.8,3.6,1,3.8,1.2,4.5,0,0,1,3.966666667,8.4,0.08,4.6,0.14,6.5,0.11
109,145,C,37,C37,A,C37-A,0,181,366,37,C,250,A,C37A,4/4/2018,Rhett,550,7,12,9.5,7,10,0,10,12,13,2,5,3,0.7,4,1,3.5,9,20,0,0,3.566666667,9.166666667,4,0.1,4,0.1,4,0.1
110,146,C,37,C37,B,C37-B,0,183,368,37,C,250,B,C37B,4/4/2018,Rhett,300,10,0,10,27,12,0,12,14,101,1,5,2,9,20,8,13,0,0,0,0,8.5,16.5,4,0.1,0,0,2,0.05
111,147,C,37,C37,C,C37-C,0,185,370,37,C,250,C,C37C,4/4/2018,Rhett,500,10,0,10,0,0,0,0,0,4,1,1,2,1,2.5,0.3,3,0,0,0,0,0.65,2.75,0.5,0.01,2,0.2,1.25,0.105
112,149,C,38,C38,A,C38-A,0,186,376,38,C,250,A,C38A,4/4/2018,Rhett,0,0,0,0,0,0,0,0,0,1,1,1,1,3,10,0,0,0,0,0,0,3,10,0,0,0,0,0,0
113,150,C,38,C38,B,C38-B,0,188,378,38,C,250,B,C38B,4/4/2018,Rhett,550,10,0,10,101,10,0,10,15,101,1,4,2,1,2.5,1,3,0,0,0,0,1,2.75,0.5,0,0,0,0.25,0
114,151,C,38,C38,C,C38-C,0,190,380,38,C,250,C,C38C,4/4/2018,Rhett,800,10,0,10,101,15,0,15,17,50,2,4,5,1,2.5,1,2,0.8,2.5,1,3,0.95,2.5,1,0.1,1,0.01,1,0.055
117,155,C,39,C39,C,C39-C,0,195,390,39,C,250,C,C39C,4/5/2018,Rhett,500,10,0,10,0,0,0,0,0,3,1,2,2,0.5,2.5,0.4,3,0,0,0,0,0.45,2.75,2,0.1,2,0.1,2,0.1
118,157,C,40,C40,A,C40-A,0,196,396,40,C,250,A,C40A,4/5/2018,Rhett,600,9,0,9,0,0,0,0,0,3,0.5,0.5,2,0.5,2.5,2,6,0,0,0,0,1.25,4.25,1,0.1,2,0.1,1.5,0.1
119,158,C,40,C40,B,C40-B,0,198,398,40,C,250,B,C40B,4/5/2018,Rhett,500,9,0,9,1,11,0,11,11,0,0,0,2,1,3.5,1,4,0,0,0,0,1,3.75,2,0.2,2,0.15,2,0.175
120,159,C,40,C40,C,C40-C,0,200,400,40,C,250,C,C40C,4/5/2018,Rhett,750,10,0,10,0,0,0,0,0,4,1.5,1.5,3,0.5,2,1,3.5,0.6,3.5,0,0,0.7,3,1,0.2,1,0.3,1,0.25
121,161,P,1,P1,A,P1-A,0,201,6,1,P,250,A,P1A,4/8/2018,Em/Worm,800,6,8,7,0,0,0,0,0,5,1.2,4,1,0.3,0.6,0,0,0,0,0,0,0.3,0.6,6.2,0.1,4.3,0.35,5.25,0.225
122,162,P,1,P1,B,P1-B,0,203,8,1,P,250,B,P1B,4/8/2018,Em/Worm,550,5,6,5.5,101,1.8,0,1.8,15,14,1.6,5,1,0.1,0.3,0,0,0,0,0,0,0.1,0.3,0.5,0.08,4.6,0.38,2.55,0.23
123,163,P,1,P1,C,P1-C,0,205,10,1,P,250,C,P1C,4/8/2018,Em/Worm,540,5,6,5.5,42,9,0,9,16,101,2.5,5,0,0,0,0,0,0,0,0,0,0,0,1.6,0.05,1,0.05,1.3,0.05
125,166,P,2,P2,B,P2-B,0,208,18,2,P,250,B,P2B,4/8/2018,Em/Worm,0,0,0,0,88,12,0,12,18,6,2.5,1.6,0,0,0,0,0,0,0,0,0,0,0,0,0,0,0,0,0
126,167,P,2,P2,C,P2-C,0,210,20,2,P,250,C,P2C,4/8/2018,Em/Worm,0,0,0,0,101,8,0,8,18,4,4,4,1,0.1,0.4,0,0,0,0,0,0,0.1,0.4,4.4,1.2,0,0,4.4,1.2
127,169,P,3,P3,A,P3-A,0,211,26,3,P,250,A,P3A,4/8/2018,Em/Worm,0,0,0,0,101,12,0,12,24,0,0,0,1,0.3,0.8,0,0,0,0,0,0,0.3,0.8,1.5,0.15,0,0,1.5,0.15
128,170,P,3,P3,B,P3-B,0,213,28,3,P,250,B,P3B,4/8/2018,Em/Worm,0,0,0,0,0,0,0,0,0,0,0,0,0,0,0,0,0,0,0,0,0,0,0,0,0,0,0,0,0
129,171,P,3,P3,C,P3-C,0,215,30,3,P,250,C,P3C,4/8/2018,Em/Worm,0,0,0,0,0,0,0,0,0,0,0,0,0,0,0,0,0,0,0,0,0,0,0,0,0,0,0,0,0
130,173,P,4,P4,A,P4-A,0,216,36,4,P,250,A,P4A,4/8/2018,Em/Worm,1000,7,10,8.5,2,1.5,0,1.5,1.7,14,1.4,2.2,4,0.6,2.9,0.3,1.3,0.9,2.4,1,2.1,0.7,2.175,2.2,0.05,1.8,0.1,2,0.075
131,174,P,4,P4,B,P4-B,0,218,38,4,P,250,B,P4B,4/8/2018,Em/Worm,850,6,8,7,66,18,0,18,20,54,1.4,7,2,0.3,1.2,0.3,2,0,0,0,0,0.3,1.6,1,0.1,5,0.18,3,0.14
132,175,P,4,P4,C,P4-C,0,220,40,4,P,250,C,P4C,4/8/2018,Em/Worm,0,0,0,0,0,0,0,0,0,8,4,4,2,0.3,2.5,0.1,0.4,0,0,0,0,0.2,1.45,1.1,0.15,2,0.08,1.55,0.115
133,177,P,5,P5,A,P5-A,0,221,46,5,P,250,A,P5A,4/8/2018,Em/Worm,540,5,8,6.5,101,10,0,10,18,65,4,6,2,0.4,0.5,0.3,1.3,0,0,0,0,0.35,0.9,1.2,0.08,1.8,0.08,1.5,0.08
135,179,P,5,P5,C,P5-C,0,225,50,5,P,250,C,P5C,4/8/2018,Em/Worm,750,6,12,9,14,17,0,17,17,8,2.5,7,3,0.5,2.8,0.3,1,0.4,2.1,0,0,0.4,1.966666667,2.6,0.45,2.2,0.18,2.4,0.315
136,181,P,6,P6,A,P6-A,0,226,56,6,P,250,A,P6A,4/8/2018,Em/Worm,850,11,12,11.5,101,11,0,11,20,69,0.8,5,3,0.5,2.6,0.2,1.1,0.1,0.6,0,0,0.266666667,1.433333333,3.4,0.3,2.4,0.18,2.9,0.24
137,182,P,6,P6,B,P6-B,0,228,58,6,P,250,B,P6B,4/8/2018,Em/Worm,800,11,12,11.5,101,16,0,16,28,56,4,8,2,0.2,0.9,0.2,0.7,0,0,0,0,0.2,0.8,5.6,1.5,2.8,0.2,4.2,0.85
138,183,P,6,P6,C,P6-C,0,230,60,6,P,250,C,P6C,4/8/2018,Em/Worm,500,11,12,11.5,101,12,0,12,15,14,1.6,2.2,3,1.1,4.6,0.1,0.5,8.5,21,0,0,3.233333333,8.7,7.6,1.25,3.2,0.28,5.4,0.765
139,185,P,7,P7,A,P7-A,0,231,66,7,P,250,A,P7A,4/18/2018,Rhett,1250,10,12,11,0,0,0,0,0,9,1.5,2.5,3,0.3,2,0.4,2,0.4,2,0,0,0.366666667,2,1,0.05,0,0,0.5,0.025
140,186,P,7,P7,B,P7-B,0,233,68,7,P,250,B,P7B,4/18/2018,Rhett,1100,10,12,11,80,7,0,7,13,19,1.5,5,1,0.1,0.5,0,0,0,0,0,0,0.1,0.5,2,0.01,0,0,2,0.01
141,187,P,7,P7,C,P7-C,0,235,70,7,P,250,C,P7C,4/18/2018,Rhett,600,13,0,13,101,7,0,7,13,101,1,5,2,0.5,2,0.5,3,0,0,0,0,0.5,2.5,0,0,0,0,0,0
142,189,P,8,P8,A,P8-A,0,236,76,8,P,250,A,P8A,4/18/2018,Rhett,500,10,0,10,26,13,0,13,14,12,1,5,3,0.1,0.8,0.7,4,0.05,7,0,0,0.283333333,3.933333333,1,0.1,0,0,0.5,0.05
143,190,P,8,P8,B,P8-B,0,238,78,8,P,250,B,P8B,4/18/2018,Rhett,1000,10,0,10,101,12,0,12,15,101,2,4,7,0.2,2,0.4,2,0.5,3,0.3,1,0.35,2,2,0.1,1,0.1,1.5,0.1
144,191,P,8,P8,C,P8-C,0,240,80,8,P,250,C,P8C,4/18/2018,Rhett,250,9,0,9,101,15,0,15,16,7,1,1.5,2,1,3.5,1.5,4,0,0,0,0,1.25,3.75,2,0.1,0,0,1,0.05
145,193,P,9,P9,A,P9-A,0,241,86,9,P,250,A,P9A,4/18/2018,Rhett,600,9,0,9,23,10,0,10,14,15,2,7,3,1,3.5,0.7,1,0.5,1,0,0,0.733333333,1.833333333,1,0.1,0.5,0.05,0.75,0.075
146,194,P,9,P9,B,P9-B,0,243,88,9,P,250,B,P9B,4/18/2018,Rhett,500,9,0,9,101,12,0,12,15,101,2,4,2,0.1,1,0.05,1,0,0,0,0,0.075,1,0.5,0.1,0,0,0.25,0.05
147,195,P,9,P9,C,P9-C,0,245,90,9,P,250,C,P9C,4/18/2018,Rhett,350,10,0,10,35,14,0,14,16,75,2,4,2,0.1,1,0.5,2,0,0,0,0,0.3,1.5,1,0.01,0,0,0.5,0.005
149,198,P,10,P10,B,P10-B,0,248,98,10,P,250,B,P10B,3/12/2018,Rhett,560,10,0,10,101,14,0,14,25,35,4,5,1,1,1.5,0,0,0,0,0,0,1,1.5,1.25,0.15,0,0,1.25,0.15
151,201,P,11,P11,A,P11-A,0,251,106,11,P,250,A,P11A,X,X,0,0,0,0,0,0,0,0,0,0,0,0,0,0,0,0,0,0,0,0,0,0,0,0,0,0,0,0,0
152,202,P,11,P11,B,P11-B,0,253,108,11,P,250,B,P11B,X,X,0,0,0,0,0,0,0,0,0,0,0,0,0,0,0,0,0,0,0,0,0,0,0,0,0,0,0,0,0
153,203,P,11,P11,C,P11-C,0,255,110,11,P,250,C,P11C,X,X,0,0,0,0,0,0,0,0,0,0,0,0,0,0,0,0,0,0,0,0,0,0,0,0,0,0,0,0,0
154,205,P,12,P12,A,P12-A,0,256,116,12,P,250,A,P12A,X,X,0,0,0,0,0,0,0,0,0,0,0,0,0,0,0,0,0,0,0,0,0,0,0,0,0,0,0,0,0
155,206,P,12,P12,B,P12-B,0,258,118,12,P,250,B,P12B,X,X,0,0,0,0,0,0,0,0,0,0,0,0,0,0,0,0,0,0,0,0,0,0,0,0,0,0,0,0,0
157,209,P,13,P13,A,P13-A,0,261,126,13,P,250,A,P13A,3/12/2018,Rhett,1000,10,0,10,15,14,0,14,19,3,0.5,2,1,1,2.5,0,0,0,0,0,0,1,2.5,3,0.2,0,0,3,0.2
158,210,P,13,P13,B,P13-B,0,263,128,13,P,250,B,P13B,3/12/2018,Rhett,500,10,0,10,101,14,0,14,15,101,2,5,0,0,0,0,0,0,0,0,0,0,0,0,0,0,0,0,0
159,211,P,13,P13,C,P13-C,0,265,130,13,P,250,C,P13C,3/12/2018,Rhett,200,10,0,10,101,12,0,12,15,8,1,5,2,1,1.5,0.1,0.5,0,0,0,0,0.55,1,2,0.05,0,0,1,0.025
160,213,P,14,P14,A,P14-A,0,266,136,14,P,250,A,P14A,3/12/2018,Rhett,520,10,0,10,101,10,0,10,18,4,0.5,0.5,3,0.5,1,2,1.5,4,7,0,0,2.166666667,3.166666667,1,0.1,1,0.05,1,0.075
161,214,P,14,P14,B,P14-B,0,268,138,14,P,250,B,P14B,3/12/2018,Rhett,500,10,0,10,0,0,0,0,0,2,3,4,2,0.5,1.5,0.25,1,0,0,0,0,0.375,1.25,1,0.01,2,0.2,1.5,0.105
162,215,P,14,P14,C,P14-C,0,270,140,14,P,250,C,P14C,3/12/2018,Rhett,520,10,0,10,0,0,0,0,0,0,0,0,2,1.2,2,0.9,1.5,0,0,0,0,1.05,1.75,1.5,0.25,3.5,0.4,2.5,0.325
163,217,P,15,P15,A,P15-A,0,271,146,15,P,250,A,P15A,3/12/2018,Rhett,1000,10,0,10,0,0,0,0,0,6,1,2.5,2,0.5,5,0.5,5,0,0,0,0,0.5,5,9,0.1,8,0.1,8.5,0.1
164,218,P,15,P15,B,P15-B,0,273,148,15,P,250,B,P15B,3/12/2018,Rhett,200,10,0,10,2,1.5,0,1.5,1.5,0,0,0,1,0.5,1,0,0,0,0,0,0,0.5,1,1,0.2,0,0,1,0.2
165,219,P,15,P15,C,P15-C,0,275,150,15,P,250,C,P15C,3/12/2018,Rhett,0,0,0,0,0,0,0,0,0,2,0.5,0.5,2,0.5,1.5,2,3,0,0,0,0,1.25,2.25,1.5,0.1,3,0.25,2.25,0.175
166,221,P,16,P16,A,P16-A,0,276,156,16,P,250,A,P16A,3/13/2018,Rhett,250,10,0,10,101,11,0,11,16,1,0.75,0.75,2,5,8,2,6,0,0,0,0,3.5,7,2,1,4,11,3,6
167,222,P,16,P16,B,P16-B,0,278,158,16,P,250,B,P16B,3/13/2018,Rhett,620,10,0,10,101,12,0,12,18,101,1,7,2,3.5,5,10,25,0,0,0,0,6.75,15,6,0.4,20,1,13,0.7
168,223,P,16,P16,C,P16-C,0,280,160,16,P,250,C,P16C,3/13/2018,Rhett,700,10,0,10,30,11,0,11,12,101,2,9,2,1,3,0.1,0.25,0,0,0,0,0.55,1.625,3,0.2,3,0.2,3,0.2
169,225,P,17,P17,A,P17-A,0,281,166,17,P,250,A,P17A,4/18/2018,Rhett,500,9,0,9,75,6,0,6,14,101,1,4,2,0.5,3,0.2,3,0,0,0,0,0.35,3,2,0.1,2,0.1,2,0.1
170,226,P,17,P17,B,P17-B,0,283,168,17,P,250,B,P17B,4/18/2018,Rhett,500,9,0,9,101,14,0,14,15,101,0.5,4,4,1,3,1,5,0.5,2.5,0.5,5,0.75,3.875,4,0.1,2,0.2,3,0.15
171,227,P,17,P17,C,P17-C,0,285,170,17,P,250,C,P17C,4/18/2018,Rhett,0,0,0,0,0,0,0,0,0,0,0,0,3,0.5,5,1,3,1.5,5,0,0,1,4.333333333,2,0.2,2,0.05,2,0.125
172,229,P,18,P18,A,P18-A,0,286,176,18,P,250,A,P18A,4/18/2018,Rhett,500,10,0,10,82,10,0,10,16,2,2,2,1,4,10,0,0,0,0,0,0,4,10,4,1,0,0,4,1
173,230,P,18,P18,B,P18-B,0,288,178,18,P,250,B,P18B,4/18/2018,Rhett,600,10,0,10,101,12,0,12,15,12,3,9,1,4,10,0,0,0,0,0,0,4,10,4,1,0,0,4,1
174,231,P,18,P18,C,P18-C,0,290,180,18,P,250,C,P18C,4/18/2018,Rhett,520,10,0,10,101,13,0,13,16,5,1.5,2,1,4,10,0,0,0,0,0,0,4,10,4,1,0,0,4,1
175,233,P,19,P19,A,P19-A,0,291,186,19,P,250,A,P19A,3/14/2018,Rhett,500,10,0,10,8,2,0,2,7,5,1.5,2,2,1.5,3.5,0.3,1.5,0,0,0,0,0.9,2.5,3,0.1,1,0.1,2,0.1
177,235,P,19,P19,C,P19-C,0,295,190,19,P,250,C,P19C,3/14/2018,Rhett,0,0,0,0,0,0,0,0,0,6,1.5,2,1,1.5,4,0,0,0,0,0,0,1.5,4,2.5,0.2,0,0,2.5,0.2
179,238,P,20,P20,B,P20-B,0,298,198,20,P,250,B,P20B,3/14/2018,Rhett,600,10,0,10,101,8,0,8,12,3,2.5,2.5,3,2,4.5,2,4,6,18,0,0,3.333333333,8.833333333,2,0.1,2,0.2,2,0.15
180,239,P,20,P20,C,P20-C,0,300,200,20,P,250,C,P20C,3/14/2018,Rhett,500,10,0,10,0,0,0,0,0,12,0.8,0.8,1,1,4,0,0,0,0,0,0,1,4,2,0.2,0,0,2,0.2
181,241,P,21,P21,A,P21-A,0,301,206,21,P,250,A,P21A,3/14/2018,Rhett,1000,10,0,10,27,7,0,7,10,50,2,10,2,2,3,2,5.5,0,0,0,0,2,4.25,1,0.3,1,0.4,1,0.35
182,242,P,21,P21,B,P21-B,0,303,208,21,P,250,B,P21B,3/14/2018,Rhett,500,10,0,10,101,10,0,10,12,0,0,0,3,1,0.5,1,2.5,1,3,0,0,1,2,2,0.8,3,0.5,2.5,0.65
183,243,P,21,P21,C,P21-C,0,305,210,21,P,250,C,P21C,3/14/2018,Rhett,1000,10,0,10,10,3,0,3,6,10,2,2.5,4,1,0.5,1,5,1,2.5,2,3.5,1.25,2.875,2,0.8,5,0.1,3.5,0.45
184,245,P,22,P22,A,P22-A,0,306,216,22,P,250,A,P22A,3/14/2018,Rhett,520,10,0,10,0,0,0,0,0,6,2,3,2,0.5,1.5,0.6,2.5,0,0,0,0,0.55,2,1,0.01,0,0,0.5,0.005
185,246,P,22,P22,B,P22-B,0,308,218,22,P,250,B,P22B,3/14/2018,Rhett,500,10,0,10,11,13,0,13,15,101,3,11,1,0.5,2,0,0,0,0,0,0,0.5,2,1,0.01,0,0,1,0.01
186,247,P,22,P22,C,P22-C,0,310,220,22,P,250,C,P22C,3/14/2018,Rhett,500,10,0,10,3,4,0,4,4,2,2,3,2,2,3.5,2,4,0,0,0,0,2,3.75,2,0.1,1,0.2,1.5,0.15
187,249,P,23,P23,A,P23-A,0,311,226,23,P,250,A,P23A,3/14/2018,Rhett,1000,10,0,10,101,12,0,12,14,101,4,8,1,0.6,3,0,0,0,0,0,0,0.6,3,2,0.5,0,0,2,0.5
188,250,P,23,P23,B,P23-B,0,313,228,23,P,250,B,P23B,3/14/2018,Rhett,600,10,0,10,101,10,0,10,14,5,1,4,2,0.5,3,2,5,0,0,0,0,1.25,4,1,0.5,3,1,2,0.75
189,251,P,23,P23,C,P23-C,0,315,230,23,P,250,C,P23C,3/14/2018,Rhett,500,10,0,10,101,10,0,10,12,0,0,0,2,0.7,3,2.5,5,0,0,0,0,1.6,4,1,0.5,3,1,2,0.75
191,254,P,24,P24,B,P24-B,0,318,238,24,P,250,B,P24B,3/14/2018,Rhett,500,10,0,10,9,11,0,11,13,10,1,4,2,0.5,1,0.5,1.5,0,0,0,0,0.5,1.25,1,0.3,4,0.2,2.5,0.25
192,255,P,24,P24,C,P24-C,0,320,240,24,P,250,C,P24C,3/14/2018,Rhett,520,10,0,10,10,4,0,4,14,10,2,5,2,0.3,1.5,0.3,1,0,0,0,0,0.3,1.25,0.5,0.1,2,1,1.25,0.55
195,259,P,25,P25,C,P25-C,0,325,250,25,P,250,C,P25C,3/27/2018,Em Donahue,500,8,10,9,0,0,0,0,0,2,0.6,0.7,3,1.4,8.1,1,7.2,1.2,7.5,0,0,1.2,7.6,8.9,0.45,3.1,0.4,6,0.425
196,261,P,26,P26,A,P26-A,0,326,256,26,P,250,A,P26A,3/27/2018,Em Donahue,420,10,0,10,18,12,0,12,14,51,3.8,12,3,0.3,0.9,1.7,9.4,0.8,2.4,0,0,0.933333333,4.233333333,2.2,0.35,2.8,0.5,2.5,0.425
197,262,P,26,P26,B,P26-B,0,328,258,26,P,250,B,P26B,3/27/2018,Em Donahue,0,0,0,0,1,0.8,0,0.8,0.8,4,0.7,0.7,3,0.7,2.2,0.3,1.8,0,0,0,0,0.5,2,2.5,0.25,2.8,0.2,2.65,0.225
198,263,P,26,P26,C,P26-C,0,330,260,26,P,250,C,P26C,3/27/2018,Em Donahue,0,0,0,0,0,0,0,0,0,4,1,1.8,1,1.7,8.5,0,0,0,0,0,0,1.7,8.5,3.2,0.2,2.4,0.12,2.8,0.16
201,267,P,27,P27,C,P27-C,0,335,270,27,P,250,C,P27C,3/17/2018,Em Donahue,510,7,9,8,1,0.8,0,0.8,0.8,3,4,11,2,1.6,4.5,1,2.6,0,0,0,0,1.3,3.55,0.5,0.05,2.8,0.4,1.65,0.225
203,270,P,28,P28,B,P28-B,0,338,278,28,P,250,B,P28B,3/26/2018,Em Donahue,0,0,0,0,3,0.8,0,0.8,1.4,0,0,0,2,1.3,7.2,0.5,1.1,0,0,0,0,0.9,4.15,2.3,0.2,2.6,0.34,2.45,0.27
205,273,P,29,P29,A,P29-A,0,341,286,29,P,250,A,P29A,4/10/2018,Rhett,300,10,0,10,34,16,0,16,17,12,1,1,0,0,0,0,0,0,0,0,0,0,0,0,0,0,0,0,0
207,275,P,29,P29,C,P29-C,0,345,290,29,P,250,C,P29C,4/10/2018,Rhett,500,10,0,10,101,12,0,12,16,19,1,2,2,1,4,0.3,3.5,0,0,0,0,0.65,3.75,2,0.1,0,0,1,0.05
208,277,P,30,P30,A,P30-A,0,346,296,30,P,250,A,P30A,4/10/2018,Rhett,600,10,0,10,55,5,0,5,6,10,2,2.5,3,0.6,3,0.5,5,0.6,6,0,0,0.566666667,4.666666667,2,0.05,1,0.05,1.5,0.05
209,278,P,30,P30,B,P30-B,0,348,298,30,P,250,B,P30B,4/10/2018,Rhett,0,0,0,0,0,0,0,0,0,0,0,0,0,0,0,0,0,0,0,0,0,0,0,0,0,0,0,0,0
210,279,P,30,P30,C,P30-C,0,350,300,30,P,250,C,P30C,4/10/2018,Rhett,0,0,0,0,0,0,0,0,0,0,0,0,0,0,0,0,0,0,0,0,0,0,0,0,0,0,0,0,0
211,281,P,31,P31,A,P31-A,0,351,306,31,P,250,A,P31A,3/22/2018,Em Donahue,750,7,9,8,7,9,0,9,12,16,1.8,33,3,1.1,2.9,0.6,3,0.6,3.6,0,0,0.766666667,3.166666667,4.1,0.15,2.4,0.1,3.25,0.125
216,287,P,32,P32,C,P32-C,0,360,320,32,P,250,C,P32C,4/10/2018,Rhett,1000,10,0,10,101,5,0,5,9,101,1,4,5,0.5,5,0.2,1,1,3,0.5,3,0.55,3,2,0.1,1,0.1,1.5,0.1
218,290,P,33,P33,B,P33-B,0,363,328,33,P,250,B,P33B,3/30/2018,Em Donahue,600,7,8,7.5,101,12,0,12,16,29,2.4,8,2,0.6,2,0.27,1.1,0,0,0,0,0.435,1.55,2.5,0.2,1.8,0.08,2.15,0.14
219,291,P,33,P33,C,P33-C,0,365,330,33,P,250,C,P33C,3/30/2018,Em Donahue,520,6,8,7,14,18,0,18,18,12,2,5.5,4,0.25,1.8,0.3,2.2,0.1,0.8,0.54,3,0.2975,1.95,1.6,0.18,2.1,0.27,1.85,0.225
220,293,P,34,P34,A,P34-A,0,366,336,34,P,250,A,P34A,4/10/2018,Rhett,600,10,0,10,0,0,0,0,0,19,1,10,2,0.4,1.5,1,3,0,0,0,0,0.7,2.25,1,0.1,1,0.1,1,0.1
222,295,P,34,P34,C,P34-C,0,370,340,34,P,250,C,P34C,4/10/2018,Rhett,1000,10,0,10,27,10,0,10,13,101,1,9,3,0.5,2.5,0.3,2,0.5,2,0,0,0.433333333,2.166666667,3,0.1,1,0.1,2,0.1
224,298,P,35,P35,B,P35-B,0,373,348,35,P,250,B,P35B,X,X,0,0,0,0,0,0,0,0,0,0,0,0,0,0,0,0,0,0,0,0,0,0,0,0,0,0,0,0,0
225,299,P,35,P35,C,P35-C,0,375,350,35,P,250,C,P35C,X,X,0,0,0,0,0,0,0,0,0,0,0,0,0,0,0,0,0,0,0,0,0,0,0,0,0,0,0,0,0
227,302,P,36,P36,B,P36-B,0,378,358,36,P,250,B,P36B,4/10/2018,Rhett,0,0,0,0,101,10,0,10,11,0,0,0,2,0.7,3,0.6,5,0,0,0,0,0.65,4,1,0.1,2,0.2,1.5,0.15
230,306,P,37,P37,B,P37-B,0,383,368,37,P,250,B,P37B,4/10/2018,Rhett,550,10,0,10,0,0,0,0,0,4,1,2,4,1,6,1,3,1,3,1,3.5,1,3.875,6,0.1,1,0.1,3.5,0.1
232,309,P,38,P38,A,P38-A,0,386,376,38,P,250,A,P38A,4/10/2018,Rhett,0,0,0,0,0,0,0,0,0,0,0,0,0,0,0,0,0,0,0,0,0,0,0,0,0,0,0,0,0
233,310,P,38,P38,B,P38-B,0,388,378,38,P,250,B,P38B,4/10/2018,Rhett,0,0,0,0,0,0,0,0,0,0,0,0,0,0,0,0,0,0,0,0,0,0,0,0,0,0,0,0,0
234,311,P,38,P38,C,P38-C,0,390,380,38,P,250,C,P38C,4/10/2018,Rhett,750,10,0,10,11,10,0,10,15,20,1,5,3,0.5,1.5,1,2.5,0.2,2,0,0,0.566666667,2,1,0.2,1,2,1,1.1
235,313,P,39,P39,A,P39-A,0,391,386,39,P,250,A,P39A,3/27/2018,Em Donahue,580,8,10,9,101,5,0,5,22,75,3.8,12,2,0.5,2.1,0.4,0.8,0,0,0,0,0.45,1.45,1.8,0.45,2.4,0.3,2.1,0.375
236,314,P,39,P39,B,P39-B,0,393,388,39,P,250,B,P39B,3/27/2018,Em Donahue,500,8,10,9,101,2.2,0,2.2,28,9,1.2,4,2,1.3,3.6,0.6,2,0,0,0,0,0.95,2.8,3,0.57,1.5,0.4,2.25,0.485
237,315,P,39,P39,C,P39-C,0,395,390,39,P,250,C,P39C,3/27/2018,Em Donahue,750,9,11,10,101,8.5,0,8.5,20,12,1,1.4,5,1.3,4.1,0.6,2,0.6,8.2,0.8,6.3,0.825,5.15,3,0.4,2.2,0.35,2.6,0.375
238,317,P,40,P40,A,P40-A,0,396,396,40,P,250,A,P40A,3/27/2018,Em Donahue,0,0,0,0,81,5.2,0,5.2,7,0,0,0,3,0.9,6.6,0.6,2.5,0.5,3.7,0,0,0.666666667,4.266666667,6.6,0.9,8.2,0.3,7.4,0.6
239,318,P,40,P40,B,P40-B,0,398,398,40,P,250,B,P40B,3/27/2018,Em Donahue,550,7,10,8.5,101,12,0,12,19,26,2.2,5,5,0.6,8.4,0.4,2.1,1.8,8.2,0.3,1.5,0.775,5.05,9.3,0.35,5.8,0.2,7.55,0.275
240,319,P,40,P40,C,P40-C,0,400,400,40,P,250,C,P40C,3/27/2018,Em Donahue,740,6,7,6.5,17,11,0,11,13,20,2.5,6.5,3,0.4,1.9,0.1,0.6,0.2,0.7,0,0,0.233333333,1.066666667,5.9,0.25,0.8,0.08,3.35,0.165
241,321,R,1,R1,A,R1-A,0,401,6,1,R,250,A,R1A,3/29/2017,MDC,750,9,10,9.5,22,1.2,0,1.2,1.5,4,1.5,1.7,2,2,10,1.2,4,0,0,0,0,1.6,7,14,0.6,7,0.6,10.5,0.6
244,325,R,2,R2,A,R2-A,0,406,16,2,R,250,A,R2A,3/29/2017,MDC,750,10,0,10,100,6,0,6,9,11,2,2,2,2.5,6,1.3,3,0,0,0,0,1.9,4.5,7,0.2,5,0.2,6,0.2
245,326,R,2,R2,B,R2-B,0,408,18,2,R,250,B,R2B,3/29/2017,MDC,0,0,0,0,100,5,0,5,8,3,2,2,0,0,0,0,0,0,0,0,0,0,0,3,0.1,3,0.1,3,0.1
246,327,R,2,R2,C,R2-C,0,410,20,2,R,250,C,R2C,3/29/2017,MDC,0,0,0,0,0,0,0,0,0,6,2,2,0,0,0,0,0,0,0,0,0,0,0,3,0.2,3,0.2,3,0.2
247,329,R,3,R3,A,R3-A,0,411,26,3,R,250,A,R3A,4/16/2017,Mac ,500,9,10,9.5,51,12,0,12,16,2,2,2.5,2,2.5,7,2.25,8,0,0,0,0,2.375,7.5,2.5,0.5,2.5,0.05,2.5,0.275
248,330,R,3,R3,B,R3-B,0,413,28,3,R,250,B,R3B,4/16/2017,Mac ,500,10,11,10.5,51,8,0,8,19,1,1.5,1.5,1,3,15,0,0,0,0,0,0,3,15,2,0.5,2,0.05,2,0.275
249,331,R,3,R3,C,R3-C,0,415,30,3,R,250,C,R3C,4/16/2017,Mac ,0,0,0,0,51,6,0,6,13,1,2,2,1,2.5,5,0,0,0,0,0,0,2.5,5,1,0.1,1,0.05,1,0.075
250,333,R,4,R4,A,R4-A,0,416,36,4,R,250,A,R4A,4/16/2017,Mac ,500,8,9,8.5,28,8,0,8,21,1,1,1,0,0,0,0,0,0,0,0,0,0,0,4,0.2,0,0,4,0.2
252,335,R,4,R4,C,R4-C,0,420,40,4,R,250,C,R4C,4/16/2017,Mac ,580,9,10,9.5,0,0,0,0,0,8,4,6,0,0,0,0,0,0,0,0,0,0,0,2,0.2,0,0,2,0.2
254,338,R,5,R5,B,R5-B,0,423,48,5,R,250,B,R5B,4/16/2017,Mac ,500,8,9,8.5,51,5,15,10,19,32,2,6,2,2.5,8,3,16,0,0,0,0,2.75,12,2,0.2,0,0,2,0.2
255,339,R,5,R5,C,R5-C,0,425,50,5,R,250,C,R5C,4/16/2017,Mac ,0,0,0,0,51,5,10,7.5,28,5,3,3,1,3,23,0,0,0,0,0,0,3,23,3,1.8,0,0,3,1.8
256,341,R,6,R6,A,R6-A,0,426,56,6,R,250,A,R6A,3/29/2017,MDC,500,8,10,9,72,3.5,0,3.5,11,9,2,12,1,1.2,2.5,0,0,0,0,0,0,1.2,2.5,10,0.1,8,0.2,9,0.15
257,342,R,6,R6,B,R6-B,0,428,58,6,R,250,B,R6B,3/29/2017,MDC,500,9,10,9.5,21,1.5,0,1.5,1.8,2,1,1,1,0.8,2.5,0,0,0,0,0,0,0.8,2.5,7,0.2,7,0.2,7,0.2
258,343,R,6,R6,C,R6-C,0,430,60,6,R,250,C,R6C,3/29/2017,MDC,700,10,9,9.5,63,9,0,9,11,8,2,2,1,0.8,4.5,0,0,0,0,0,0,0.8,4.5,4,0.3,13,0.2,8.5,0.25
259,345,R,7,R7,A,R7-A,0,431,66,7,R,250,A,R7A,4/16/2017,Mac,0,0,0,0,51,6,16,11,26,0,0,0,0,0,0,0,0,0,0,0,0,0,0,2,0.1,0,0,2,0.1
262,349,R,8,R8,A,R8-A,0,436,76,8,R,250,A,R8A,4/16/2017,Mac,50,10,11,10.5,51,6,10,8,19,6,4,8,1,4,12,0,0,0,0,0,0,4,12,2.5,0.1,2.5,1,2.5,0.55
264,351,R,8,R8,C,R8-C,0,440,80,8,R,250,C,R8C,4/16/2017,Mac,350,8,11,9.5,51,5,14,9.5,16,6,2,8,2,0.5,1.75,3.5,15,0,0,0,0,2,8.375,2.5,0.15,0,0,2.5,0.15
267,355,R,9,R9,C,R9-C,0,445,90,9,R,250,C,R9C,4/16/2017,Mac,0,0,0,0,23,4,0,4,14,0,0,0,1,0.75,3.75,0,0,0,0,0,0,0.75,3.75,4,0.4,0,0,4,0.4
268,357,R,10,R10,A,R10-A,0,446,96,10,R,250,A,R10A,4/5/2017,MDC,500,10,9,9.5,0,0,0,0,0,5,1.6,1.8,1,1.8,6,0,0,0,0,0,0,1.8,6,10,0.1,5,0.1,7.5,0.1
269,358,R,10,R10,B,R10-B,0,448,98,10,R,250,B,R10B,4/5/2017,MDC,750,10,9,9.5,0,0,0,0,0,3,1,1,0,0,0,0,0,0,0,0,0,0,0,5,0.1,0,0,5,0.1
270,359,R,10,R10,C,R10-C,0,450,100,10,R,250,C,R10C,4/5/2017,MDC,500,9,10,9.5,0,0,0,0,0,4,2,3,0,0,0,0,0,0,0,0,0,0,0,3,0.4,0,0,3,0.4
271,361,R,11,R11,A,R11-A,0,451,106,11,R,250,A,R11A,4/5/2017,MDC,500,9,10,9.5,9,1.8,0,1.8,2,0,0,0,3,3.5,11,0.8,3.5,1.5,5.5,0,0,1.933333333,6.666666667,4,0.2,0,0,4,0.2
272,362,R,11,R11,B,R11-B,0,453,108,11,R,250,B,R11B,4/5/2017,MDC,500,9,10,9.5,35,13,0,13,16,13,2,3,1,0.2,2,0,0,0,0,0,0,0.2,2,7,0.2,3.5,0.4,5.25,0.3
273,363,R,11,R11,C,R11-C,0,455,110,11,R,250,C,R11C,4/5/2017,MDC,500,9,10,9.5,1,1.2,0,1.2,1.2,2,3,3.5,0,0,0,0,0,0,0,0,0,0,0,4,0,0,0,4,0
274,365,R,12,R12,A,R12-A,0,456,116,12,R,250,A,R12A,3/29/2017,MDC,450,8,10,9,100,13,0,13,17,16,1.3,1.5,0,0,0,0,0,0,0,0,0,0,0,6,1,0,0,6,1
276,367,R,12,R12,C,R12-C,0,460,120,12,R,250,C,R12C,3/29/2017,MDC,500,9,0,9,15,1.8,0,1.8,2.5,3,1.5,1.5,2,0.3,2,0.2,0.5,0,0,0,0,0.25,1.25,4,0.2,5,0.3,4.5,0.25
277,369,R,13,R13,A,R13-A,0,461,126,13,R,250,A,R13A,3/29/2017,MDC,750,9,0,9,90,4,0,4,19,29,3,7,1,1.3,4.5,0,0,0,0,0,0,1.3,4.5,7,0.2,7,0.4,7,0.3
278,370,R,13,R13,B,R13-B,0,463,128,13,R,250,B,R13B,3/29/2017,MDC,500,9,0,9,100,5.5,0,5.5,18,0,0,0,2,0.4,1.5,0.2,0.5,0,0,0,0,0.3,1,9,1.5,2.5,0.2,5.75,0.85
279,371,R,13,R13,C,R13-C,0,465,130,13,R,250,C,R13C,3/29/2017,MDC,500,9,0,9,72,12,0,12,24,3,3,3,1,0.3,0.8,0,0,0,0,0,0,0.3,0.8,4,0.3,3,0.2,3.5,0.25
280,373,R,14,R14,A,R14-A,0,466,136,14,R,250,A,R14A,4/28/2017,Rejina,550,9,0,9,9,10,0,10,12,0,0,0,0,0,0,0,0,0,0,0,0,0,0,2,0.025,0,0,2,0.025
281,374,R,14,R14,B,R14-B,0,468,138,14,R,250,B,R14B,4/28/2017,Rejina,550,9,0,9,0,0,0,0,0,0,0,0,1,0.5,1.5,0,0,0,0,0,0,0.5,1.5,0,0,0,0,0,0
283,377,R,15,R15,A,R15-A,0,471,146,15,R,250,A,R15A,X,X,0,0,0,0,0,0,0,0,0,0,0,0,0,0,0,0,0,0,0,0,0,0,0,0,0,0,0,0,0
284,378,R,15,R15,B,R15-B,0,473,148,15,R,250,B,R15B,X,X,0,0,0,0,0,0,0,0,0,0,0,0,0,0,0,0,0,0,0,0,0,0,0,0,0,0,0,0,0
285,379,R,15,R15,C,R15-C,0,475,150,15,R,250,C,R15C,X,X,0,0,0,0,0,0,0,0,0,0,0,0,0,0,0,0,0,0,0,0,0,0,0,0,0,0,0,0,0
286,381,R,16,R16,A,R16-A,0,476,156,16,R,250,A,R16A,4/28/2017,Rejina,250,9,0,9,0,0,0,0,0,6,4,4,3,7,13,8,12,0,0,0,0,7.5,12.5,1,0.1,0,0,1,0.1
288,383,R,16,R16,C,R16-C,0,480,160,16,R,250,C,R16C,4/28/2017,Rejina,400,9,10,9.5,0,0,0,0,0,0,0,0,0,0,0,0,0,0,0,0,0,0,0,5.5,0.075,0,0,5.5,0.075
289,385,R,17,R17,A,R17-A,0,481,166,17,R,250,A,R17A,4/5/2017,MDC,700,9,10,9.5,3,8,0,8,12,65,3,4,1,0.2,1.2,0,0,0,0,0,0,0.2,1.2,7,0.4,0,0,7,0.4
290,386,R,17,R17,B,R17-B,0,483,168,17,R,250,B,R17B,4/5/2017,MDC,500,9,10,9.5,87,3,0,3,15,6,1.8,2,2,0.2,1.5,1,7,0,0,0,0,0.6,4.25,5,0.4,0,0,5,0.4
291,387,R,17,R17,C,R17-C,0,485,170,17,R,250,C,R17C,4/5/2017,MDC,0,0,0,0,101,16,0,16,23,200,1.4,1.6,0,0,0,0,0,0,0,0,0,0,0,3,0.3,0,0,3,0.3
293,390,R,18,R18,B,R18-B,0,488,178,18,R,250,B,R18B,3/29/2017,MDC,1100,8,10,9,100,5,0,5,16,1,1.5,1.5,2,0.5,2.5,0.6,3.5,0,0,0,0,0.55,3,9,0.2,8,0.2,8.5,0.2
294,391,R,18,R18,C,R18-C,0,490,180,18,R,250,C,R18C,3/29/2017,MDC,550,8,9,8.5,60,11,0,11,14,14,3,4.5,3,0.2,1,0.3,1,0.3,1.5,0,0,0.266666667,1.166666667,11,0.2,10,0.3,10.5,0.25
296,394,R,19,R19,B,R19-B,0,493,188,19,R,250,B,R19B,4/27/2017,Rejina,200,9,0,9,33,3,0,3,12,0,0,0,2,0.25,0.5,0.25,1,0,0,0,0,0.25,0.75,1,0.07,0,0,1,0.07
300,399,R,20,R20,C,R20-C,0,500,200,20,R,250,C,R20C,4/28/2017,Rejina,100,9,0,9,101,8,0,8,13,14,3,5,0,0,0,0,0,0,0,0,0,0,0,2,0.15,0,0,2,0.15
301,401,R,21,R21,A,R21-A,0,501,206,21,R,250,A,R21A,4/28/2017,Rejina,400,9,14,11.5,17,12,0,12,16,3,3,5,2,5,6,0,0,0,0,0,0,5,6,0,0,0,0,0,0
302,402,R,21,R21,B,R21-B,0,503,208,21,R,250,B,R21B,4/28/2017,Rejina,0,0,0,0,0,0,0,0,0,1,2,2,0,0,0,0,0,0,0,0,0,0,0,0,0,0,0,0,0
303,403,R,21,R21,C,R21-C,0,505,210,21,R,250,C,R21C,4/28/2017,Rejina,250,8,0,8,27,8,0,8,11,21,3,6,0,0,0,0,0,0,0,0,0,0,0,1,0.015,0,0,1,0.015
304,405,R,22,R22,A,R22-A,0,506,216,22,R,250,A,R22A,4/5/2017,MDC,600,10,9,9.5,101,3,0,3,16,16,7,11,0,0,0,0,0,0,0,0,0,0,0,2.5,0.2,5,0.3,3.75,0.25
305,406,R,22,R22,B,R22-B,0,508,218,22,R,250,B,R22B,4/5/2017,MDC,400,10,8,9,19,3.5,0,3.5,16,16,1.8,13,1,0.2,1.5,0,0,0,0,0,0,0.2,1.5,2.5,0.2,0,0,2.5,0.2
306,407,R,22,R22,C,R22-C,0,510,220,22,R,250,C,R22C,4/5/2017,MDC,0,0,0,0,19,7,0,7,16,1,1.3,1.3,2,0.2,1,0.2,1.5,0,0,0,0,0.2,1.25,2,0.1,0,0,2,0.1
308,410,R,23,R23,B,R23-B,0,513,228,23,R,250,B,R23B,4/5/2017,MDC,550,10,9,9.5,12,8,0,8,19,9,4,6,0,0,0,0,0,0,0,0,0,0,0,1,0.4,0,0,1,0.4
309,411,R,23,R23,C,R23-C,0,515,230,23,R,250,C,R23C,4/5/2017,MDC,500,10,9,9.5,10,19,0,19,23,128,1.5,1.7,1,1,4.5,0,0,0,0,0,0,1,4.5,6.5,0.5,2,0.6,4.25,0.55
310,413,R,24,R24,A,R24-A,0,516,236,24,R,250,A,R24A,4/5/2017,MDC,750,10,9,9.5,17,1.7,0,1.7,23,13,1.8,2,2,1.8,5,0.3,2,0,0,0,0,1.05,3.5,7,0.2,0,0,7,0.2
311,414,R,24,R24,B,R24-B,0,518,238,24,R,250,B,R24B,4/5/2017,MDC,500,9,8,8.5,15,1.8,0,1.8,15,8,1.5,3,2,0.5,4,1.8,6,0,0,0,0,1.15,5,12,0.2,17,0.3,14.5,0.25
312,415,R,24,R24,C,R24-C,0,520,240,24,R,250,C,R24C,4/5/2017,MDC,500,10,9,9.5,0,0,0,0,0,9,2,2,1,1.5,6,0,0,0,0,0,0,1.5,6,16,0.2,0,0,16,0.2
313,417,R,25,R25,A,R25-A,0,521,246,25,R,250,A,R25A,4/20/2017,Rejina,350,10,0,10,60,11,0,11,13,6,1.5,4,1,4,11,0,0,0,0,0,0,4,11,7.5,0.05,0,0,7.5,0.05
314,418,R,25,R25,B,R25-B,0,523,248,25,R,250,B,R25B,4/20/2017,Rejina,300,10,0,10,22,5,0,5,11,3,3,8,2,1.5,4.5,0.5,0.5,0,0,0,0,1,2.5,1,0.01,0,0,1,0.01
316,421,R,26,R26,A,R26-A,0,526,256,26,R,250,A,R26A,4/2/2017,Claire,500,9,10,9.5,125,7,0,7,8,0,0,0,1,1,6,0,0,0,0,0,0,1,6,1,0.25,0,0,1,0.25
318,423,R,26,R26,C,R26-C,0,530,260,26,R,250,C,R26C,4/2/2017,Claire,500,8.5,9.5,9,101,12,0,12,20,3,7,7,1,1,3,0,0,0,0,0,0,1,3,2.5,1,0,0,2.5,1
319,425,R,27,R27,A,R27-A,0,531,266,27,R,250,A,R27A,4/2/2017,Claire,500,8,9,8.5,80,7,0,7,19,3,2,2,3,1,2.5,2,2.5,1,3,0,0,1.333333333,2.666666667,2,0.25,0,0,2,0.25
320,426,R,27,R27,B,R27-B,0,533,268,27,R,250,B,R27B,4/2/2017,Claire,500,10,11,10.5,10,11,0,11,20,3,2,10,2,2,5,2,4.5,0,0,0,0,2,4.75,1.5,0.25,0,0,1.5,0.25
321,427,R,27,R27,C,R27-C,0,535,270,27,R,250,C,R27C,4/2/2017,Claire,500,10,11,10.5,3,2,0,2,2,0,0,0,2,1.25,2.5,0.25,1,0,0,0,0,0.75,1.75,1,0.25,1.5,0.5,1.25,0.375
322,429,R,28,R28,A,R28-A,0,536,276,28,R,250,A,R28A,4/15/2017,Claire,500,8,9,8.5,101,13,0,13,15,18,5,9,1,0.25,2.5,0,0,0,0,0,0,0.25,2.5,2.5,0.1,0,0,2.5,0.1
324,431,R,28,R28,C,R28-C,0,540,280,28,R,250,C,R28C,4/15/2017,Claire,200,9,10,9.5,101,14,0,14,15,2,0.5,0.5,3,1.5,1.5,1.5,1,1,1,0,0,1.333333333,1.166666667,1.5,0.4,0,0,1.5,0.4
325,433,R,29,R29,A,R29-A,0,541,286,29,R,250,A,R29A,X,X,0,0,0,0,0,0,0,0,0,0,0,0,0,0,0,0,0,0,0,0,0,0,0,0,0,0,0,0,0
326,434,R,29,R29,B,R29-B,0,543,288,29,R,250,B,R29B,X,X,0,0,0,0,0,0,0,0,0,0,0,0,0,0,0,0,0,0,0,0,0,0,0,0,0,0,0,0,0
327,435,R,29,R29,C,R29-C,0,545,290,29,R,250,C,R29C,X,X,0,0,0,0,0,0,0,0,0,0,0,0,0,0,0,0,0,0,0,0,0,0,0,0,0,0,0,0,0
328,437,R,30,R30,A,R30-A,0,546,296,30,R,250,A,R30A,4/11/2017,Claire,530,9,10,9.5,70,8,0,8,12,7,2,9,2,1.5,3,2.5,4.5,0,0,0,0,2,3.75,2.5,0.5,0,0,2.5,0.5
329,438,R,30,R30,B,R30-B,0,548,298,30,R,250,B,R30B,4/11/2017,Claire,520,10,11,10.5,15,14,0,14,17,0,0,0,2,1.5,5.5,2,7,0,0,0,0,1.75,6.25,1,0.5,0,0,1,0.5
330,439,R,30,R30,C,R30-C,0,550,300,30,R,250,C,R30C,4/11/2017,Claire,500,8,9,8.5,1,4,0,4,4,0,0,0,2,2,4,3,6,0,0,0,0,2.5,5,1.5,0.25,0,0,1.5,0.25
331,441,R,31,R31,A,R31-A,0,551,306,31,R,250,A,R31A,X,X,0,0,0,0,0,0,0,0,0,0,0,0,0,0,0,0,0,0,0,0,0,0,0,0,0,0,0,0,0
332,442,R,31,R31,B,R31-B,0,553,308,31,R,250,B,R31B,X,X,0,0,0,0,0,0,0,0,0,0,0,0,0,0,0,0,0,0,0,0,0,0,0,0,0,0,0,0,0
333,443,R,31,R31,C,R31-C,0,555,310,31,R,250,C,R31C,X,X,0,0,0,0,0,0,0,0,0,0,0,0,0,0,0,0,0,0,0,0,0,0,0,0,0,0,0,0,0
334,445,R,32,R32,A,R32-A,0,556,316,32,R,250,A,R32A,,Claire,750,10,11,10.5,101,14,0,14,16,15,3.5,7,1,0.75,2,0,0,0,0,0,0,0.75,2,1.5,0.25,0,0,1.5,0.25
336,447,R,32,R32,C,R32-C,0,560,320,32,R,250,C,R32C,,Claire,750,9,10,9.5,75,1.5,0,1.5,4,0,0,0,3,0.5,3,1,3.5,0.5,3,0,0,0.666666667,3.166666667,0.75,0,0,0,0.75,0
337,449,R,33,R33,A,R33-A,0,561,326,33,R,250,A,R33A,4/15/2017,Claire,750,8,9,8.5,50,17,0,17,19,5,4,9.5,1,1.5,3.5,0,0,0,0,0,0,1.5,3.5,1.5,0,0,0,1.5,0
338,450,R,33,R33,B,R33-B,0,563,328,33,R,250,B,R33B,4/15/2017,Claire,550,8,10,9,40,3,0,3,14,12,4,12,1,1,1.5,0,0,0,0,0,0,1,1.5,1,0.75,0,0,1,0.75
339,451,R,33,R33,C,R33-C,0,565,330,33,R,250,C,R33C,4/15/2017,Claire,750,9,10,9.5,75,18,0,18,25,15,5,6,1,0.25,1.5,0,0,0,0,0,0,0.25,1.5,1,0,0,0,1,0
340,453,R,34,R34,A,R34-A,0,566,336,34,R,250,A,R34A,5/23/2018,MDC BDC,0,0,0,0,75,12,0,12,12,24,1,4,2,0.4,2,0.2,1,0,0,0,0,0.3,1.5,3,0.1,3.5,0.1,3.25,0.1
341,454,R,34,R34,B,R34-B,0,568,338,34,R,250,B,R34B,5/23/2018,MDC BDC,0,0,0,0,101,6,13,9.5,18,0,0,0,2,0.15,0.5,0.15,0.5,0,0,0,0,0.15,0.5,2,0.1,2,0,2,0.05
342,455,R,34,R34,C,R34-C,0,570,340,34,R,250,C,R34C,5/23/2018,MDC BDC,500,8,10,9,40,5,0,5,6,16,2,5,2,0.15,0.5,0.1,0.5,0,0,0,0,0.125,0.5,3,0.05,2.5,0,2.75,0.025
344,458,R,35,R35,B,R35-B,0,573,348,35,R,250,B,R35B,5/23/2018,MDC BDC,600,7,8,7.5,35,15,0,15,17,28,3,5,0,0,0,0,0,0,0,0,0,0,0,20,0.5,25,0.5,22.5,0.5
345,459,R,35,R35,C,R35-C,0,575,350,35,R,250,C,R35C,5/23/2018,MDC BDC,0,0,0,0,101,3,0,3,16,17,1.5,1.5,1,2,10,0,0,0,0,0,0,2,10,15,0.1,0,0,15,0.1
346,461,R,36,R36,A,R36-A,0,576,356,36,R,250,A,R36A,X,X,0,0,0,0,0,0,0,0,0,0,0,0,0,0,0,0,0,0,0,0,0,0,0,0,0,0,0,0,0
347,462,R,36,R36,B,R36-B,0,578,358,36,R,250,B,R36B,X,X,0,0,0,0,0,0,0,0,0,0,0,0,0,0,0,0,0,0,0,0,0,0,0,0,0,0,0,0,0
348,463,R,36,R36,C,R36-C,0,580,360,36,R,250,C,R36C,X,X,0,0,0,0,0,0,0,0,0,0,0,0,0,0,0,0,0,0,0,0,0,0,0,0,0,0,0,0,0
349,465,R,37,R37,A,R37-A,0,581,366,37,R,250,A,R37A,5/23/2018,MDC BDC,500,7,10,8.5,101,8,0,8,10,1,1,1,0,0,0,0,0,0,0,0,0,0,0,2,0.1,5,0.7,3.5,0.4
350,466,R,37,R37,B,R37-B,0,583,368,37,R,250,B,R37B,5/23/2018,MDC BDC,500,8,11,9.5,55,13,0,13,15,21,3,6,0,0,0,0,0,0,0,0,0,0,0,3,0.25,7,0.4,5,0.325
351,467,R,37,R37,C,R37-C,0,585,370,37,R,250,C,R37C,5/23/2018,MDC BDC,500,7,11,9,35,6,11,8.5,11,0,0,0,0,0,0,0,0,0,0,0,0,0,0,3,0.2,4.5,0.6,3.75,0.4
352,469,R,38,R38,A,R38-A,0,586,376,38,R,250,A,R38A,5/23/2018,MDC BDC,500,8,9,8.5,101,13,0,13,16,0,0,0,0,0,0,0,0,0,0,0,0,0,0,3,0.5,2,0.4,2.5,0.45
353,470,R,38,R38,B,R38-B,0,588,378,38,R,250,B,R38B,5/23/2018,MDC BDC,500,8,0,8,101,5,12,8.5,13,3,1.5,1.5,0,0,0,0,0,0,0,0,0,0,0,1,0.6,3,0.3,2,0.45
355,473,R,39,R39,A,R39-A,0,591,386,39,R,250,A,R39A,5/23/2018,MDC BDC,500,9,10,9.5,101,14,0,14,17,1,12,12,0,0,0,0,0,0,0,0,0,0,0,0,0,0,0,0,0
356,474,R,39,R39,B,R39-B,0,593,388,39,R,250,B,R39B,5/23/2018,MDC BDC,500,9,10,9.5,101,18,0,18,21,0,0,0,0,0,0,0,0,0,0,0,0,0,0,2,0.25,2.5,0.4,2.25,0.325
357,475,R,39,R39,C,R39-C,0,595,390,39,R,250,C,R39C,5/23/2018,MDC BDC,500,8,9,8.5,101,7,15,11,17,2,1,1,1,0.3,1.5,0,0,0,0,0,0,0.3,1.5,2,0.5,3,0.6,2.5,0.55
358,477,R,40,R40,A,R40-A,0,596,396,40,R,250,A,R40A,5/23/2018,MDC BDC,500,9,10,9.5,150,2,0,2,6,0,0,0,0,0,0,0,0,0,0,0,0,0,0,5,0.15,4,0.15,4.5,0.15
359,478,R,40,R40,B,R40-B,0,598,398,40,R,250,B,R40B,5/23/2018,MDC BDC,520,9,10,9.5,16,3,0,3,4,1,1.25,1.25,0,0,0,0,0,0,0,0,0,0,0,5,0.1,4,0.25,4.5,0.175
